nome,pais_id,estado_provincia,populacao,latitude,longitude
Azevedo,407,Paraná,3332421,-76.320634,68.62119
da Paz,643,Pará,11701957,49.046559,126.105566
Vargas,615,Bahia,13363475,87.091983,101.748725
Freitas das Flores,356,Paraíba,11103486,-23.297242,2.145884
Garcia de Minas,350,,7052416,58.019565,-142.006007
Rezende,984,Mato Grosso do Sul,14963146,59.167316,74.631112
Cavalcanti,446,Piauí,8758457,83.785272,-82.770337
Moura Grande,828,Santa Catarina,13001326,-2.970449,-23.193183
Abreu,749,São Paulo,5412373,63.308369,119.063167
da Rosa,89,Paraíba,7568202,-46.104581,-12.704952
Nascimento das Flores,625,Tocantins,5648798,-84.834,126.343021
da Cruz,187,Paraíba,5957975,53.609824,-57.478016
Cassiano Paulista,902,Distrito Federal,14770751,-40.271656,-176.345599
Andrade,971,Sergipe,4054282,39.61344,-4.111975
Pimenta do Sul,777,Espírito Santo,7992516,26.262522,-3.304319
Azevedo,812,,4941453,-50.112648,69.043376
Peixoto,314,Alagoas,6196135,-4.813112,11.131895
Peixoto de Rocha,436,Roraima,9238986,-30.457567,73.027779
da Cruz,278,Santa Catarina,3872786,-68.281941,-110.669654
Guerra,123,Paraíba,12792419,34.22944,-111.04525
Nogueira,757,Distrito Federal,12161519,16.125643,93.674842
Carvalho,612,Pernambuco,1691548,59.873105,-73.351273
da Conceição Verde,370,Mato Grosso,242370,37.443327,-134.430134
da Costa da Mata,47,Bahia,9288822,-37.415404,159.872261
Jesus,654,Maranhão,8240577,-71.534224,-175.584455
Araújo da Prata,292,Rio de Janeiro,7394840,-28.672932,167.579152
Pires,259,Rondônia,8019965,-69.464315,-156.476363
Novais do Amparo,504,,10565346,33.561183,-125.378277
Ferreira,831,Rio Grande do Sul,5102514,-74.667436,-90.651256
Viana do Galho,572,Mato Grosso,10177322,17.302832,42.630607
Jesus Grande,795,Maranhão,7563378,73.530788,-72.952872
Cirino da Prata,603,Paraná,5128430,12.353305,-158.31709
Câmara,984,Maranhão,12801605,-52.598177,-104.03093
Martins,677,,4029269,-58.713561,-152.976647
Novais,3,Pará,11570728,16.886015,-75.146656
Novais do Galho,238,Bahia,4748227,36.53776,-16.548722
da Cruz Paulista,704,Distrito Federal,4443490,51.809045,45.020883
Ramos de Minas,678,Paraíba,3323855,-13.474986,16.042456
Borges da Prata,664,Santa Catarina,4461573,58.793609,-154.292459
Aragão,170,Goiás,9988182,44.81239,24.914538
Rocha do Norte,296,Amapá,7868447,33.962038,71.904127
Teixeira,966,Rio de Janeiro,9064387,-1.116861,-151.040933
Mendes,41,Distrito Federal,12328434,-31.982115,-89.867555
da Rosa do Sul,94,Distrito Federal,11317849,60.472551,27.071679
Sousa,974,,12835550,31.010685,-82.976031
Souza,42,São Paulo,2944212,-5.309852,54.543416
da Cruz de Sampaio,939,Rio Grande do Norte,9825201,-11.540702,113.12818
Gonçalves,993,,5842817,-16.497343,-64.419028
Novaes,108,Mato Grosso,5538187,-15.903884,-1.631152
Garcia dos Dourados,679,Piauí,13654373,46.889959,-166.789033
das Neves Paulista,91,Mato Grosso do Sul,5428634,-69.134112,98.117253
Martins de Brito,886,Sergipe,24311,28.37887,15.333694
Teixeira de Dias,424,,8702969,-24.879715,92.319535
Freitas,641,Mato Grosso,870901,-53.359517,17.71907
Aparecida Verde,950,Espírito Santo,14783153,35.685005,-136.28661
Almeida,997,Goiás,13415259,-46.926457,-122.983861
da Rocha Grande,565,,6849947,-73.222344,177.21257
Farias,935,Espírito Santo,1975754,26.587744,-124.570395
Nunes de Goiás,956,Paraná,8542455,36.974093,-30.423477
da Cunha do Amparo,495,Santa Catarina,4094126,-7.778435,-127.928891
Marques de Cavalcante,196,Santa Catarina,8531867,44.332658,-130.856996
Cavalcante Grande,72,Santa Catarina,13259104,63.794228,-57.644912
Cirino de Nogueira,807,Rio Grande do Sul,13771535,-89.538253,81.378354
Moura,858,Alagoas,11076968,-1.864738,-126.505649
Rios,552,Alagoas,5582416,9.345135,15.634823
Jesus,467,Bahia,14594495,-56.042573,71.099434
Azevedo,586,Roraima,14366514,49.598006,-164.286972
Albuquerque,763,Distrito Federal,13618182,-21.378394,175.829041
Freitas de Araújo,812,Rio Grande do Norte,2556903,-0.840843,-166.67294
Ribeiro de Mendonça,515,Acre,5574946,66.546056,134.708535
Nascimento,451,,7670981,-87.237432,-128.10405
Albuquerque do Sul,892,Pernambuco,2594751,-76.530915,101.349105
Nascimento da Mata,272,Acre,11626654,-18.453002,-151.086485
Cavalcanti do Campo,337,Amazonas,14422369,6.052016,163.490253
da Costa,642,Distrito Federal,12745648,-2.169453,14.765765
Fogaça Paulista,633,,10594124,33.191923,-76.543559
Barros da Praia,233,Minas Gerais,7285833,86.100791,93.733089
Nunes de da Cruz,721,Roraima,7448690,-60.054338,-72.192211
da Rosa,30,,13362070,-79.898539,-50.953197
Rezende,442,Rio Grande do Sul,8916492,-15.830685,65.448134
Borges,185,Minas Gerais,1329869,19.708522,-42.284052
Garcia da Prata,700,Paraná,9788753,-64.23881,-13.986031
Porto,261,Acre,11192730,-88.308462,109.667908
Barros,923,Paraná,9175395,-61.564388,-20.977278
Ramos Alegre,354,Rio de Janeiro,5023975,25.008966,-27.248782
Moura,257,Alagoas,5073760,-54.14094,-41.51043
Cunha,495,Roraima,6403231,12.946085,26.932295
da Mata de Aparecida,717,Amapá,13930719,28.481367,-81.187063
Nogueira Verde,580,Rondônia,13062902,44.040391,-162.34407
Cavalcanti,621,Mato Grosso,13977718,72.747952,-76.970105
Costela,819,Rio de Janeiro,13459185,-26.582228,49.182436
Sá,636,Tocantins,12681483,39.767108,57.305355
Barbosa da Mata,859,Ceará,1635140,72.612667,52.682619
Nunes,317,Tocantins,564763,14.323285,83.649516
Rocha da Prata,93,Mato Grosso,5486437,44.546556,-116.769575
Sá Grande,136,Sergipe,14709568,84.868125,11.106855
Montenegro,936,Santa Catarina,2765597,-43.745385,116.888333
Aragão do Campo,494,Pará,4956651,44.380683,-58.062509
Barbosa,118,Mato Grosso,1268313,-64.663737,167.940075
Vasconcelos Alegre,881,Acre,11319658,86.389604,168.217109
Viana dos Dourados,824,Paraná,1520030,52.322754,-174.989284
Fogaça,550,Piauí,6188841,31.109109,62.042687
Lopes da Serra,599,Rondônia,10718078,79.252541,-140.995403
Barros da Mata,240,Sergipe,10399271,69.162272,22.106658
Silva,938,Amapá,10870803,-78.620933,116.587927
da Mata,932,Bahia,10897430,-16.506746,-129.680275
Silva Grande,969,,8269869,-69.098313,-95.471988
Dias da Praia,551,Amazonas,7615879,-23.217927,161.777077
Abreu,714,Maranhão,7036780,15.721262,81.575694
Fonseca de Teixeira,907,Goiás,1666307,60.064755,41.634797
Cardoso,962,Amapá,553888,34.250519,-101.782914
Lopes,456,Paraíba,14357072,-24.716513,173.133979
Caldeira do Sul,377,Amapá,10823398,-25.438709,-36.669729
Novaes de Minas,195,Rio Grande do Norte,14232635,58.354395,-146.997567
Gomes do Sul,218,Maranhão,10023446,84.796796,-161.791736
Gomes de Minas,342,Santa Catarina,2117652,51.656058,-106.125993
Oliveira,850,Pernambuco,3480523,15.548955,112.699073
Rodrigues,239,Minas Gerais,2480548,51.955876,34.553389
Carvalho,284,Goiás,2432461,87.754915,14.477564
da Mata do Amparo,818,Bahia,11095706,65.96062,-132.550837
Cavalcante,367,Pará,3996829,15.993526,-174.31881
Leão da Mata,272,,12448964,-14.2271,-139.08625
Viana de Barbosa,66,Mato Grosso do Sul,13057959,-24.832985,33.719766
da Cruz do Amparo,463,Rio Grande do Norte,10324780,-82.194293,101.961719
Marques,888,Amazonas,5065517,-7.552346,167.049426
da Rosa,63,Acre,14220310,-17.708894,66.995099
Farias das Flores,503,Sergipe,7446741,-76.771671,-150.915428
Macedo Alegre,623,Pará,2122143,-40.49712,47.907621
da Rosa,562,Mato Grosso,6395515,89.032996,11.000461
Mendes,465,Mato Grosso,7222547,-72.147877,72.640591
Gonçalves,874,Mato Grosso,14730466,48.413291,79.50237
Sousa do Amparo,221,Rio de Janeiro,14904694,-48.871157,-57.984617
Duarte,465,Minas Gerais,12245866,-72.884549,-26.364958
Viana das Flores,682,Mato Grosso do Sul,2565856,33.627786,-9.263561
Nunes,94,Distrito Federal,1569141,-12.262227,88.052029
Rodrigues,382,São Paulo,9339352,-79.203424,164.384865
Siqueira,576,Paraíba,2055700,-16.054446,134.498654
Macedo,964,Sergipe,14569169,74.851861,-161.479411
Sales de Minas,295,Tocantins,5904644,-71.351898,2.668517
Rocha do Amparo,159,Bahia,3767204,62.509473,-53.958962
da Costa Paulista,570,Rondônia,12799399,-39.857722,-98.582726
Silva,440,Pará,12880381,57.316835,40.886381
Barbosa dos Dourados,659,Rio Grande do Norte,10222239,77.235172,118.605884
Pacheco de Guerra,274,,4589716,36.485779,-68.765512
Nogueira do Norte,348,Sergipe,3048480,66.575287,23.875594
Sampaio da Prata,411,,12436397,23.970962,-168.963445
Caldeira,765,São Paulo,6316494,-14.430151,-57.277447
Ribeiro,379,Rondônia,5447241,49.830412,24.33368
Cavalcante do Norte,87,Rio de Janeiro,2615197,-61.666219,42.421745
Sá Alegre,691,,7439202,29.148965,-5.161786
Caldeira do Sul,453,Amazonas,3621647,45.889766,-139.025697
Câmara do Galho,441,Santa Catarina,11383608,32.127526,-4.812209
Machado,684,Mato Grosso do Sul,3704685,-18.852589,35.756985
Martins Verde,8,Roraima,3548918,48.122915,95.097922
Ferreira,297,Acre,134686,-0.470641,-24.964196
Caldeira de da Rocha,133,Pará,11810644,-48.580071,21.140484
Camargo,685,Tocantins,1214226,-18.527189,87.134878
Ferreira,447,,1311317,65.179802,27.273298
Fernandes dos Dourados,588,Sergipe,10744795,-14.815087,-138.537586
Moreira,22,Paraná,2888553,54.237988,42.525095
Melo do Campo,852,Paraíba,6075880,-74.136621,124.01437
Dias de Azevedo,250,Maranhão,6723433,4.313258,-37.523989
Santos,318,Amazonas,3722362,-30.047648,-119.472225
Fernandes,523,Rio Grande do Sul,8907071,1.791371,146.132183
Rocha,358,Sergipe,13744677,26.179736,-126.831659
Sousa,106,Espírito Santo,3314671,-58.770176,-124.966876
Novaes,778,Ceará,2977018,81.232585,46.061558
Novais das Pedras,476,Paraíba,12753623,14.304256,65.208052
Guerra,904,Rio Grande do Sul,10663537,87.575751,-63.645033
Cirino,995,Rio Grande do Sul,2537644,-10.842693,-11.18841
Gonçalves do Sul,647,Santa Catarina,4613259,16.455556,-53.3008
Machado,76,Rio de Janeiro,7586856,-83.230696,-47.254464
Gomes do Sul,294,,14504709,85.926336,-147.493259
Costela,609,Goiás,7768013,14.459293,163.523332
Oliveira,757,Amazonas,7550279,73.628992,25.796407
Fonseca,193,Mato Grosso,7984730,0.246114,164.780049
Marques,462,Amazonas,14053857,-28.1812,77.153598
Rios do Amparo,517,Pernambuco,661695,-45.40613,-22.407021
Peixoto das Flores,450,Rio Grande do Norte,10235837,-61.425683,-45.773286
Pastor do Campo,290,Mato Grosso do Sul,12998363,-29.093914,35.23891
Marques da Serra,809,Tocantins,5619484,-78.135866,-145.977859
Pimenta Verde,695,Amapá,4232787,40.272058,56.363071
Dias,929,Amazonas,2527845,-29.994834,29.786225
das Neves,145,Amazonas,5209824,84.185371,71.452787
Freitas,402,Roraima,11897261,78.840396,-68.550521
Moraes,386,Minas Gerais,5515922,56.373261,61.241904
Peixoto Grande,849,Rio de Janeiro,11504346,74.240637,-146.356933
Lima da Serra,687,Paraná,6075468,-86.718503,-68.808215
Novais,974,Ceará,12858968,-2.471234,-98.444503
da Paz de Carvalho,141,Ceará,4967567,61.99711,-143.589325
Machado do Norte,790,Mato Grosso do Sul,12397389,69.06279,-166.410903
Mendonça,345,Bahia,10373847,-66.411173,-44.380847
Gomes,167,Piauí,11629020,48.797606,111.255739
Jesus de Rodrigues,170,Paraná,738037,-16.04545,63.490652
Santos dos Dourados,244,Paraná,10249091,-38.712972,89.473147
Barros,460,Rio de Janeiro,4017581,-34.295779,111.104594
Vieira,481,São Paulo,3260051,-23.788628,160.966861
da Rocha,452,Alagoas,4732345,50.062327,1.046409
Câmara da Prata,429,Maranhão,13710160,-54.054408,37.678841
Vasconcelos,894,Paraíba,10762199,-3.493682,-46.363642
Novaes de Moraes,957,Amazonas,14196717,2.86369,-135.116002
da Mata,86,São Paulo,4581678,-9.12254,4.806986
Nogueira do Norte,851,São Paulo,3730179,57.006586,138.466719
Nogueira de Cunha,953,,898502,-18.638286,-45.373864
Caldeira de Goiás,396,Maranhão,6294990,-49.583023,-65.273445
Machado,102,Goiás,10909530,-29.647736,-127.42225
Borges dos Dourados,40,Amazonas,13926089,-4.958112,119.199775
Costela,778,Sergipe,7531283,20.762686,146.108696
Santos das Pedras,20,Ceará,14013356,-63.086469,158.481342
Viana,624,Distrito Federal,1870405,49.711074,-94.449518
Araújo,125,,7048503,25.011312,44.211805
Nascimento Paulista,65,Rio Grande do Norte,8390742,17.413028,-174.083273
Duarte,528,Roraima,12060173,-64.156169,-25.473998
da Rocha Verde,630,Goiás,9579148,-15.017833,59.173669
Carvalho,88,São Paulo,6054927,-77.817722,9.3814
Araújo Paulista,520,Rio Grande do Sul,8521493,9.747351,-39.436656
Sampaio,482,,6495791,86.587096,-88.685906
da Cruz,17,Bahia,1138461,-27.935551,83.858768
da Cruz das Flores,644,Paraná,9767717,42.333657,-60.293301
Oliveira,46,Rio Grande do Sul,5684880,56.431596,-116.967914
Pires das Pedras,798,Minas Gerais,11671695,-3.864389,-114.379921
Barbosa de Porto,139,,13027313,79.848927,-166.685836
Guerra,207,,3351548,69.442269,-66.385505
Sales da Praia,318,Paraíba,13685243,7.745526,-88.807045
Duarte de Pacheco,772,Acre,4805144,-25.744648,101.102964
Siqueira,887,Paraíba,4588814,-67.594499,-47.513097
Azevedo da Prata,911,Minas Gerais,7382556,71.034749,-40.807883
Lima,998,Tocantins,11615982,-0.445789,152.751768
Monteiro,532,Goiás,1390991,40.874638,-151.586278
da Paz Alegre,617,Piauí,3032557,8.185392,-64.363886
Nunes,82,Paraná,4965015,-34.830746,36.943786
Rodrigues do Norte,437,Alagoas,7452546,-26.721543,-164.752141
Pires,891,Sergipe,10320496,89.667108,-81.16007
Almeida de Campos,811,Ceará,1263981,30.8131,-33.764317
Marques de Abreu,526,Pará,11403618,-61.202389,-168.789377
Sales,870,Bahia,13113239,-11.128892,-134.557191
Castro Paulista,242,Amapá,6150971,-24.812895,161.80816
da Cunha de Minas,34,Mato Grosso do Sul,11397770,-9.013938,-46.452777
Aragão,455,Minas Gerais,9633809,-65.214881,-47.898018
Silveira de Goiás,322,Pará,4192788,82.893609,-170.671197
Santos,191,Amazonas,6497570,74.437651,-137.606042
Cunha,794,Paraná,7492220,-51.377323,40.275786
Cardoso,711,Rio de Janeiro,8245971,-53.967899,-131.13777
Moreira,76,Rondônia,11973360,-9.879985,-148.395333
Albuquerque de Albuquerque,699,Roraima,5366793,30.211162,75.434575
Campos das Pedras,564,Roraima,14959064,-36.007798,-123.29811
Mendes,727,Amapá,10703831,-58.663618,-49.862814
Gomes,230,Amapá,3376891,52.571821,-94.774974
Caldeira,506,,9299937,13.009933,-11.733898
Freitas da Mata,565,Bahia,14840193,-74.481213,-68.655342
Vasconcelos Grande,735,Rio Grande do Sul,8824709,-16.056878,-32.60393
Azevedo,589,,5323841,25.620946,-18.009182
Pimenta,697,Rio Grande do Sul,2158097,68.032827,100.894654
Macedo,656,Mato Grosso do Sul,12886238,83.927631,-24.257417
Pires,933,Santa Catarina,13953423,-67.650998,-124.914432
Jesus,169,Rio Grande do Norte,11905618,-49.415349,161.093929
Cunha de Borges,532,Amazonas,14197412,-75.805217,-109.331309
Sá,980,Amazonas,2105009,22.504025,41.19418
Ferreira das Pedras,96,Mato Grosso,2834240,16.52552,29.03274
da Cruz,176,Goiás,12095211,72.360161,-58.456949
da Cruz,947,Piauí,13850167,65.480614,-150.759772
Vasconcelos do Sul,972,Rondônia,9681615,-42.361937,-104.108983
Costela do Galho,586,Rio Grande do Norte,10725493,-84.548538,140.038877
Souza,559,Minas Gerais,5073298,-3.069933,109.687736
Ramos do Norte,702,Sergipe,7614207,-76.864855,-158.431308
Monteiro,451,Minas Gerais,7797046,-53.275858,38.397695
da Costa,321,Paraná,5362240,42.155956,129.879852
Moura,999,Acre,12766840,-23.302764,22.194438
Dias Grande,327,Minas Gerais,2060576,-41.855099,-90.749202
Fonseca da Prata,100,,6449964,65.549493,-29.471492
Teixeira,986,Paraná,2684315,56.426012,156.150553
Almeida,739,Rio de Janeiro,12808052,-61.318366,178.548988
Albuquerque,479,Goiás,5181450,-0.473351,-147.582326
Aparecida,403,Alagoas,4043756,-51.274004,-52.957768
Montenegro da Mata,52,Rio Grande do Sul,10029701,68.821106,55.533613
Lima das Flores,482,Amapá,142194,62.491026,-24.866003
da Mota,904,Amapá,6141730,47.494218,-48.262553
Barros do Galho,411,,9430722,-54.962046,19.160254
Cassiano,76,Piauí,7560692,47.592741,-79.300556
Gonçalves Verde,639,Rio Grande do Sul,1998318,-66.84059,-145.194665
das Neves,383,Roraima,5693907,10.409731,-48.381706
Siqueira de Goiás,148,Alagoas,8546658,-17.750325,-165.508234
Borges,40,Pará,5592495,54.713854,6.959776
Marques,153,Rio Grande do Norte,8653751,-64.839423,155.292745
das Neves,327,Rondônia,10348161,43.077485,-72.275637
Campos,345,Acre,8556583,5.821169,75.14633
Sampaio,307,Acre,284121,-23.695594,62.570301
Monteiro,427,Mato Grosso do Sul,13372327,71.778079,133.955681
Cavalcante da Praia,645,,7967302,-42.204521,56.01275
Souza,996,São Paulo,9696097,-49.042219,-161.512141
Siqueira do Campo,492,São Paulo,10558292,39.81291,98.858207
Farias,390,Sergipe,11425702,-46.404619,26.125298
da Mata do Galho,718,Amapá,322716,-10.613058,-29.239093
Silva Verde,423,Rio Grande do Sul,6889990,0.327511,40.132102
Monteiro,483,Paraíba,12350300,40.932378,74.079084
Araújo do Amparo,532,Rio de Janeiro,5458426,89.662116,-7.786446
Freitas,386,Ceará,2910518,-7.260564,11.925743
Vargas do Campo,560,Rio de Janeiro,12956839,66.177793,65.06852
da Conceição,823,Santa Catarina,10240386,-2.847582,164.641463
Aparecida,286,Acre,3777642,79.467398,173.613707
Aparecida,790,Paraná,3482544,34.243184,-3.958891
Gomes Grande,492,Ceará,13349687,39.899588,-76.395825
Novaes,588,Sergipe,6375211,71.236883,-37.968316
Câmara Alegre,354,Espírito Santo,13504213,-63.634298,-164.856065
Silveira Alegre,979,Goiás,5816015,76.321734,56.149938
Oliveira,766,Mato Grosso do Sul,3395138,59.031307,-82.39222
Montenegro,576,Rondônia,2308058,-70.339215,86.720752
Cavalcanti,246,Espírito Santo,11242949,72.933154,-98.758207
Guerra,239,,6939046,-30.547148,-9.934593
Martins,698,Maranhão,91930,83.613378,172.047856
Duarte de Minas,162,Piauí,14779812,68.111932,-8.118533
Albuquerque de Freitas,205,Distrito Federal,4824172,-32.189814,52.52325
Nunes da Mata,930,Santa Catarina,10948756,13.344004,12.65482
Martins,741,Mato Grosso do Sul,630760,74.381351,-116.976681
Vargas de Vasconcelos,904,Distrito Federal,614681,89.490925,-37.081953
Cassiano,508,Acre,12571188,83.183648,153.374291
Alves de Goiás,898,,5011190,12.233136,-141.371751
Porto do Sul,344,Mato Grosso,10764436,7.794087,-2.191529
Teixeira,962,Rondônia,8464284,-5.756262,-110.587897
Sousa da Mata,116,Amazonas,12271145,-7.395395,-87.384643
Moura,191,,5660803,52.33818,24.40124
Leão,776,Paraná,10255115,64.106371,142.935394
Casa Grande,847,Roraima,5506696,-74.387201,60.932107
Borges do Norte,190,Espírito Santo,8015350,-31.751699,-90.70305
Sampaio da Praia,268,Paraíba,7499978,45.676197,163.452536
Pacheco,310,Amazonas,9616287,-87.941568,55.326012
Porto,710,Tocantins,11208591,-68.719527,-69.549717
Barbosa Verde,416,Rio de Janeiro,14899836,36.640266,-68.047939
Lopes,121,Rondônia,4954909,-23.842097,-100.494274
da Costa,981,Maranhão,2575027,-8.103839,175.981666
Dias das Flores,383,Roraima,9219625,74.30344,92.646188
Dias dos Dourados,822,Goiás,3669338,47.134732,64.923091
Barbosa,611,Distrito Federal,1378555,4.591198,10.142325
Vasconcelos,371,,9470180,-69.802418,118.358659
Cassiano,925,Amazonas,9613339,6.598828,-120.766624
Machado,875,Paraíba,1955183,32.453143,78.090468
Jesus do Campo,501,,8567677,-9.813115,-159.97111
Vargas do Oeste,136,Paraíba,7668806,11.504013,21.166992
Martins Paulista,689,Amazonas,12139626,-86.081318,-88.395401
Castro,4,Sergipe,9707453,-76.854685,-27.468941
Santos do Norte,718,,1015921,78.224904,-155.153107
Duarte,957,Bahia,4821582,-16.403952,96.829943
Silva,785,Espírito Santo,12240447,26.258547,-28.669702
Gonçalves do Galho,913,Alagoas,14594807,75.080714,-44.101314
da Luz da Serra,83,Acre,11108036,67.41967,-132.12367
Machado da Prata,881,Santa Catarina,2999290,88.71242,-38.498893
Brito,131,Paraíba,3741121,60.26789,92.224589
Vieira,306,Bahia,12069394,8.000161,11.496099
Albuquerque,844,Alagoas,7733009,-27.691248,-80.766098
Cardoso,960,Distrito Federal,12847789,-69.687965,111.412146
Freitas de Minas,430,Rio de Janeiro,14831975,70.027442,-93.360134
Barbosa do Sul,69,Amapá,568316,-9.640608,61.928509
Ramos,894,,12429217,-82.037389,-21.973388
Cardoso de Borges,553,Tocantins,14495988,49.691452,-129.551193
Campos do Norte,297,Paraíba,12277826,13.69986,27.890933
Cavalcante,792,Rio de Janeiro,5384867,-47.357274,135.452996
Silveira das Flores,677,Paraná,6943388,-35.909828,-158.055251
Garcia,972,Rondônia,12339812,74.08398,45.35753
Cavalcanti da Praia,438,Distrito Federal,791584,85.012242,158.971108
da Mota,688,Goiás,8804030,-32.627798,-30.123132
Cassiano de Andrade,153,Rio Grande do Norte,3089977,45.794898,-9.533225
Ramos,870,Maranhão,14392154,37.363824,110.079418
Jesus de Novaes,937,,6928579,84.201514,20.623233
Araújo de Borges,138,Goiás,4283117,-53.399388,52.814107
Carvalho das Pedras,945,Distrito Federal,6230647,-73.356481,80.850496
Pires,196,,6332828,31.260946,37.051936
Garcia,895,,13504797,47.105355,80.749886
Mendes da Prata,573,Sergipe,3509577,66.505293,-60.132848
Ferreira de Nunes,980,Pernambuco,3558544,78.688757,166.34792
Gomes Paulista,121,Ceará,12660569,-3.794242,-92.666455
Dias,619,Rio Grande do Norte,6659381,74.722763,18.748545
Alves,795,Sergipe,7827384,6.057023,-50.66656
Araújo do Amparo,268,Pernambuco,14816126,-0.490087,-144.501037
Vargas Verde,740,Espírito Santo,14093351,-32.358009,-106.874103
Brito,321,Espírito Santo,9442598,65.535271,86.850856
da Mata,17,Piauí,9803429,14.245727,-29.671894
Teixeira,157,Espírito Santo,3864072,-21.628841,120.010578
Fogaça da Serra,512,Ceará,11494819,-29.238429,94.809825
Pastor,501,Mato Grosso,10770846,43.126936,-14.101561
Pastor do Sul,751,Roraima,2844807,-64.807465,16.756678
Nunes Verde,189,Bahia,9100547,88.258237,164.605282
Monteiro,537,,14210224,-76.620526,114.478528
Cavalcanti do Amparo,50,Alagoas,6923793,-65.251525,47.052593
Araújo,70,Espírito Santo,158368,-50.630459,-15.836523
Almeida,62,Pernambuco,11191288,78.10267,148.590524
Abreu de Farias,676,Rio Grande do Norte,115936,5.798247,-31.918137
Cardoso,18,Mato Grosso,4614384,6.432859,-76.792127
Duarte,515,Alagoas,11313396,-12.496822,158.296289
Casa Grande,184,Rio de Janeiro,1620878,4.389372,-93.25122
Vasconcelos,635,Amazonas,13682027,-26.200602,106.17708
Barbosa da Praia,81,Roraima,6817009,-7.380406,-92.445158
Pastor do Campo,714,Mato Grosso,11481314,59.051174,-150.977909
Duarte Grande,879,Ceará,536577,-73.169909,-43.464952
Vieira do Amparo,566,Rio Grande do Sul,10687860,-88.298969,-118.301913
Cavalcanti da Prata,512,Roraima,10824748,51.187736,23.708386
Câmara Verde,879,Tocantins,8866040,75.447399,-97.284061
Garcia,923,Maranhão,14895690,12.021146,-82.405781
Cardoso da Serra,947,,4708878,71.876097,22.863551
Sampaio,34,Rio de Janeiro,14272807,-33.392755,166.128908
Vargas Verde,602,Alagoas,13773905,38.288052,-36.613433
Pereira,79,Mato Grosso,9466648,-46.715005,120.474202
Porto,399,Rio de Janeiro,9074132,-30.288629,92.019335
Monteiro,144,Bahia,11569711,40.349443,0.285427
Souza de Minas,998,Espírito Santo,1643895,-11.324114,121.922877
Dias da Serra,349,Rio Grande do Sul,10303949,81.874511,-37.186902
Santos,793,Rondônia,10643817,-40.801135,177.330916
Machado do Sul,503,Goiás,9283433,79.405712,-24.534739
da Cruz,697,Roraima,6381562,-74.575059,42.70172
Ferreira,818,Goiás,1238237,-75.233158,-124.480453
Silveira,729,Acre,2593336,43.137952,-65.995838
Gomes,110,,5176869,-9.947544,94.084737
Siqueira de Leão,105,Ceará,3148912,-12.423687,20.514612
Monteiro das Flores,525,Mato Grosso do Sul,445601,-73.868608,19.51913
Brito do Amparo,612,Sergipe,5448037,65.469272,-175.557379
Castro,424,Paraíba,1426022,40.471892,21.433156
Andrade,249,Maranhão,2850129,33.356879,-118.979372
Dias,276,Goiás,8278246,-63.731732,-119.805336
Barbosa,283,Mato Grosso,8129053,50.879992,-49.995032
Garcia,967,Ceará,10491325,-0.755561,42.000765
Novaes,469,Amapá,5116313,-88.781874,-37.550888
Peixoto do Amparo,862,Roraima,13495164,65.195696,-21.519748
Lopes,441,Rio Grande do Sul,14425159,27.186635,33.981451
Pereira,308,Pará,11670069,-53.846732,-66.894019
Aragão,988,Amazonas,5359241,-37.539333,70.184796
Costela do Oeste,503,Pará,13124352,-46.363627,-44.620091
Ribeiro da Mata,837,Maranhão,6128944,-69.500192,22.986183
Brito,607,Alagoas,3023677,32.708274,18.035697
Oliveira da Prata,976,Tocantins,11889427,-52.263289,107.166788
Cassiano de Aragão,852,Mato Grosso do Sul,13744962,62.601827,106.216425
Lima,690,Amapá,10630615,-35.490124,-89.034593
Ribeiro do Amparo,158,Distrito Federal,13243511,-22.141653,-18.33598
Alves,613,Distrito Federal,6729393,6.186132,152.458471
Porto,891,Maranhão,9125853,-83.38227,168.634095
Melo,719,Amazonas,9012787,16.88759,149.18445
Viana das Flores,112,Paraná,11037724,29.6449,-120.118142
Ribeiro de da Luz,628,,10826827,31.944941,-36.137611
Ramos,771,Piauí,13363540,-12.518002,-176.202802
Cirino da Praia,265,Minas Gerais,12535114,3.383598,28.986586
Cirino dos Dourados,590,Alagoas,6281684,-19.59585,98.043204
Macedo dos Dourados,603,Goiás,2534080,-27.90587,-171.157445
da Mata,108,Rio de Janeiro,1445404,-69.107519,158.643417
Cassiano,146,São Paulo,5760703,-8.040126,-105.527763
Barros,495,Rondônia,1642842,-11.130131,70.834776
Nogueira das Pedras,327,,754657,55.833469,-138.569304
Novaes,870,Alagoas,1839801,31.88508,-120.832527
Moreira das Pedras,759,Piauí,2931839,9.343852,-60.843724
Oliveira de da Costa,437,Paraná,3894890,53.596042,46.713715
Barros das Flores,191,Roraima,7255013,-18.795172,85.459813
Montenegro,905,Rio de Janeiro,9940520,-12.680489,-178.397984
Campos,220,São Paulo,12626927,36.676754,106.562898
Cavalcanti de Cavalcante,592,Distrito Federal,14634385,6.640022,-48.314509
Cardoso,202,Alagoas,4406559,30.726257,-3.785768
Barros das Pedras,990,Distrito Federal,10020508,-20.044933,-38.684158
Peixoto,117,Goiás,14190434,-7.585094,-117.890095
Siqueira de Minas,690,Amapá,4995296,75.362864,32.460611
Novais das Flores,689,Piauí,1982390,-47.056909,-137.898395
da Mota do Galho,383,Paraíba,8575219,-20.076612,34.713294
Viana,589,Roraima,3121429,-2.399361,13.456537
Camargo das Pedras,942,Bahia,2911397,9.884264,-3.728871
Nunes,144,Rio de Janeiro,14131167,-8.819825,-160.699945
Caldeira,368,Rio de Janeiro,8135388,-65.423751,113.477739
Viana,987,Maranhão,10961692,-0.905427,66.490801
Jesus Paulista,426,Minas Gerais,7451596,-2.034088,-150.238575
Oliveira de Pereira,32,Paraná,3704871,-37.423816,-81.052949
Cavalcanti,551,Goiás,13103646,-7.68215,87.306571
Casa Grande das Flores,785,Alagoas,8574902,-69.622021,-138.885606
Farias de Goiás,794,Alagoas,6159919,7.567808,92.443047
da Mata de Freitas,779,Acre,9171286,-50.662452,-26.944313
Vieira da Mata,754,Maranhão,12610485,-45.444308,134.931545
Mendonça do Campo,34,Espírito Santo,5853151,65.195933,-148.686118
da Rosa,887,Santa Catarina,13017939,56.140004,-104.44386
Vasconcelos de Duarte,756,Goiás,5887609,64.988765,39.694249
Pereira de Minas,439,Distrito Federal,2340975,51.272876,112.870752
Cunha de Jesus,825,,5890707,5.810544,34.868767
Teixeira de Moreira,173,Mato Grosso do Sul,11817062,-37.325754,26.184809
Moraes,976,Sergipe,11401751,56.732563,-131.187994
Azevedo,769,Maranhão,999652,88.647521,132.137133
Carvalho do Galho,130,Rio de Janeiro,2231183,-45.058096,76.102146
Cavalcanti,849,Distrito Federal,14157515,31.72222,-3.794859
Araújo,592,Espírito Santo,10537951,-15.439484,-17.28298
Marques,649,Alagoas,12904736,-73.242939,5.62085
Santos do Oeste,285,Goiás,14723942,-23.567189,162.091468
Martins do Galho,336,Minas Gerais,14582853,49.344352,83.78065
Rodrigues,749,Acre,10655856,29.545888,-51.039817
Freitas,65,Paraná,6677565,-50.790612,-25.328484
Cavalcanti de Melo,217,Rio de Janeiro,5421778,59.101851,-58.408144
Ferreira da Serra,592,Tocantins,14306277,-2.639177,-56.253737
Souza de Minas,699,Maranhão,775794,-72.076546,102.200314
Gomes,471,,14394006,-61.562967,-15.653471
Castro,982,Rio de Janeiro,11557654,73.693299,137.573195
Câmara,310,Rio Grande do Sul,14711824,-40.676498,55.651667
Rocha,257,,11153607,72.684048,-120.410972
da Mata,406,Rio Grande do Sul,12185063,35.899447,-95.708217
Moraes do Sul,672,,1601917,-89.804465,-8.349585
Melo,136,Bahia,8719828,32.396891,-176.656699
Peixoto,713,Sergipe,2028227,87.867884,-27.966984
Câmara,136,Goiás,3846091,-21.047413,83.074817
Silva Paulista,105,Pará,6171661,68.578019,-130.633454
Ferreira dos Dourados,793,Goiás,14676630,-66.033678,177.458456
Martins,147,,9455458,-88.474546,54.007277
Rocha do Galho,451,Tocantins,3579477,23.054407,-125.505313
Pacheco do Campo,422,Acre,7426969,64.793254,-148.792308
Novais da Mata,103,Maranhão,2071235,16.123305,-41.748513
Mendes,987,Amapá,13277064,-64.830566,-80.291643
da Mota Alegre,87,Goiás,10088091,18.001416,38.733516
Rezende da Mata,798,Distrito Federal,455038,62.620579,57.025933
Moreira,309,São Paulo,10187543,1.714062,89.223711
Araújo,303,Sergipe,13155008,71.624261,163.681744
Ribeiro Alegre,507,Rondônia,4049680,-0.075143,33.814717
Silveira,541,Acre,207450,87.638856,156.212785
da Rocha de da Luz,136,Pará,14080636,12.30847,-48.451513
Gomes do Norte,700,Rio de Janeiro,7907314,81.801537,97.332138
Fernandes,18,Santa Catarina,236415,-42.80665,-165.66233
Rodrigues,62,Piauí,6681912,1.189909,46.285451
Rios de Fogaça,514,Pernambuco,7111413,36.325915,-150.325988
Cavalcante da Prata,550,Ceará,2566552,-40.055808,-68.433521
Brito do Amparo,524,Bahia,13561998,-62.032116,-62.369893
Silveira da Prata,601,São Paulo,14006030,26.971116,51.535645
Rodrigues,318,Mato Grosso,12251669,81.617036,-94.09054
Câmara,251,,7294425,-69.122415,40.426846
Câmara da Mata,57,Pará,12448552,28.449425,-116.767475
Freitas Paulista,13,Rio de Janeiro,11774210,-87.956891,-1.291344
Martins do Campo,356,Paraná,13141343,58.051237,-86.671094
Porto,381,Rio de Janeiro,13110085,67.22281,83.856902
Melo,121,Distrito Federal,497516,-29.698015,-25.443155
Rodrigues,537,,11955800,85.509106,45.91182
Moura da Mata,509,Pará,6046876,-80.02096,129.369522
Cassiano,171,Bahia,4285137,49.199212,141.936631
Fernandes,691,Pará,3836990,43.340393,-179.075338
Casa Grande de Dias,880,Roraima,4107892,-81.723325,-48.968461
Vasconcelos,943,Amapá,14391214,-83.634557,109.121575
Farias de Pires,732,Ceará,7040849,-49.587244,-90.625254
Porto do Norte,938,Acre,4555953,58.679459,25.752947
da Mota de Costela,123,São Paulo,888692,-57.718017,109.561687
Oliveira,48,São Paulo,1161393,67.858423,131.771603
Mendonça,793,Sergipe,5496198,-74.450606,-15.571377
Cardoso,378,Rio Grande do Norte,9464107,51.211299,86.247355
Porto das Pedras,249,Minas Gerais,9931926,84.934394,179.203362
Mendes das Flores,795,Acre,9174742,46.8868,-91.754325
Nascimento,7,Distrito Federal,406147,-48.060406,-55.287469
Albuquerque Alegre,860,São Paulo,165974,81.178247,-179.473665
Almeida,674,Rondônia,12387972,40.898707,-142.578353
Pires,543,Santa Catarina,7048341,-1.434802,-158.437773
Câmara,146,Roraima,1565728,-82.097952,-96.669874
das Neves Grande,866,Amazonas,11763259,71.204029,-14.95511
Montenegro Verde,766,,1608516,0.976997,49.397645
Cavalcante de Minas,404,,9531451,-78.789085,58.479814
da Rosa,134,Maranhão,4383701,63.164467,153.375103
Siqueira de Moreira,403,Rio Grande do Norte,12342173,-31.274718,-17.007173
Lopes Grande,240,,3405953,-65.499868,97.252783
Mendonça da Praia,112,São Paulo,2762754,-9.077985,-66.948016
Cavalcante,124,Sergipe,12929106,-52.625479,-69.009221
Almeida de Goiás,272,Espírito Santo,1522010,-61.629232,66.979743
Cunha,847,Santa Catarina,10126736,-82.740635,120.93291
Pastor,336,Pernambuco,11936241,-45.320618,-51.932608
Campos,526,,5018715,-43.169977,176.643583
Silva do Norte,32,Minas Gerais,14342830,-8.60379,89.308241
Vargas da Prata,256,,1714721,54.701416,-129.674506
Peixoto,13,,13107334,86.862103,-132.942514
Ribeiro,844,Amazonas,11518956,23.453559,52.086606
Aragão,597,Roraima,13640633,-76.502307,178.978113
Leão,203,Paraíba,7444543,55.67376,-146.88769
Campos da Prata,868,Goiás,5567484,-67.945021,159.221038
Sampaio de Cassiano,52,Distrito Federal,9633179,-12.031852,80.795105
da Rosa,509,,11467410,-13.200477,-52.580429
Ribeiro do Campo,931,Rondônia,4700180,-9.717942,-126.492693
Pinto Grande,629,Pará,4128584,26.510112,-0.39902
Moraes,904,Santa Catarina,1028059,-74.210121,-42.114501
da Paz,430,Amazonas,14847006,53.49563,-90.306808
Monteiro,822,Distrito Federal,332658,88.092651,101.489676
Vasconcelos,368,Goiás,13115305,-2.757693,148.563726
Fogaça,515,Roraima,4542157,-57.633143,-65.204076
da Rocha da Serra,225,,13606110,50.136891,-158.907157
Novaes,484,Paraná,12870476,15.118006,-96.205634
Sales,164,Paraná,11025356,-46.592497,12.128243
da Costa do Sul,811,Acre,942991,47.52895,161.208892
Camargo,590,Tocantins,13382995,-20.083946,156.674172
Cassiano de Borges,866,São Paulo,3973669,16.653512,110.235681
Silveira,715,Santa Catarina,9929771,-84.922817,72.201889
da Cunha,971,Rio Grande do Sul,2389080,11.3596,-112.235881
Marques,830,Maranhão,8263194,7.582428,-116.799564
Martins do Norte,39,,3907772,18.299302,-172.825924
Cavalcanti,490,,10308471,-53.736411,-133.023764
da Rocha,735,Mato Grosso do Sul,13467448,61.971136,-63.508028
Lima do Campo,23,Amazonas,11827842,75.100347,98.77194
Albuquerque,867,Bahia,6126835,82.900575,-45.507319
Farias,965,Mato Grosso do Sul,9836728,-71.814209,-71.364545
Pinto de da Mata,140,Santa Catarina,12291828,80.764836,105.063309
Freitas,984,Tocantins,5328132,-58.643519,168.747443
Cirino do Campo,711,Minas Gerais,10301328,51.658523,-99.634603
Marques Paulista,604,Tocantins,6353231,-34.771819,67.859438
Sales do Amparo,131,Sergipe,35163,80.781859,161.531338
Rezende da Serra,401,Amazonas,12937387,83.733109,-168.342213
Sampaio,617,Santa Catarina,13574528,84.155703,-100.47771
Castro,580,Amazonas,8329603,-64.684194,88.323598
Pastor do Amparo,244,Sergipe,5365633,-59.780265,138.715291
Cirino de Pimenta,91,Minas Gerais,11246146,25.038484,139.195265
Pimenta do Sul,458,,3522918,-45.082645,-155.593879
Mendes,263,Paraná,12091534,-89.769392,-41.062645
Jesus,751,Paraíba,2795695,69.21936,-2.490482
Azevedo,388,Goiás,6302287,-71.742859,-7.38387
Albuquerque do Galho,885,São Paulo,12726215,33.688873,-121.443656
Rios,76,Mato Grosso,565573,-36.91645,-65.261913
Lopes,975,Rondônia,5739590,-59.381063,-44.835162
Mendes,750,,1567037,-29.168895,174.699396
Ribeiro das Flores,915,Bahia,524979,-12.3618,55.308663
Albuquerque,622,Rio Grande do Sul,2640764,-80.359966,-60.805951
Montenegro,998,Paraná,11702019,9.740238,153.206496
Cavalcante de Barbosa,554,São Paulo,4728173,-36.467883,-145.470268
Duarte de da Costa,403,Mato Grosso,14095420,-1.62931,-160.378253
Aragão do Galho,4,Espírito Santo,4946719,58.301515,45.032743
Guerra de Goiás,492,Amapá,436773,-52.748463,49.748637
Macedo de Oliveira,84,Paraíba,1942918,-34.496388,-36.911755
Monteiro,501,Paraíba,4451036,-73.595362,15.885371
Campos do Amparo,190,Santa Catarina,6404588,-23.5077,-19.520903
Caldeira,270,Minas Gerais,4424132,-49.27639,-83.317682
Andrade da Prata,64,Piauí,11689843,30.144323,-149.145368
Borges,353,Sergipe,6950543,84.726997,32.301519
Moraes da Prata,567,,6499562,57.312939,-29.292453
Rezende,549,Rondônia,7971231,13.088572,-95.168873
Fernandes de Fonseca,307,,14331732,38.575026,0.756529
Câmara,923,Paraíba,9592934,31.956279,43.298321
Novais do Amparo,124,Roraima,7538636,-58.881785,174.372476
Silva dos Dourados,996,Amazonas,3238407,-67.28652,-27.585036
Teixeira,700,Rondônia,13805334,22.900718,120.278923
Abreu,265,Mato Grosso,12203764,74.551309,-155.875697
Porto da Mata,398,Piauí,9266932,-31.297175,-80.567705
Sampaio do Campo,470,Alagoas,212430,51.579115,44.300854
Monteiro,536,Bahia,1892752,-15.400368,-126.648093
Caldeira Paulista,603,Rio Grande do Norte,1686144,76.48707,22.566153
Correia,104,Amazonas,14558819,6.414027,-56.207096
Cunha dos Dourados,421,Tocantins,10990514,-2.594737,39.226375
Silva,39,Mato Grosso,6765781,-64.106519,39.115895
Sá,711,Pará,6645300,70.123359,-60.662133
Porto,244,,7977838,75.750297,142.93129
Vargas,21,Paraíba,13320272,-35.450108,-79.075205
Ribeiro de Pastor,504,Pernambuco,11494910,-72.32087,132.804009
Monteiro,138,Acre,12482612,-10.24009,117.296399
Novaes,276,Pará,10154865,26.199866,-112.343151
Moraes de Vasconcelos,217,Ceará,6836185,43.370064,93.417586
Siqueira,889,Tocantins,947977,2.748546,-122.769921
Caldeira,319,Minas Gerais,6772679,-65.583032,126.466323
Montenegro das Flores,901,Pará,2919829,-55.30258,119.854776
da Mota,858,,559840,-7.83924,150.491185
Fernandes da Mata,722,Paraíba,6184919,58.231133,1.845495
Carvalho,651,Pará,11433209,-84.498625,-45.911966
Sampaio da Prata,609,Mato Grosso,14609243,-4.575188,18.480139
Costa,353,Distrito Federal,4344593,44.813004,67.986194
Rodrigues da Praia,292,,838006,-60.676667,26.012902
Santos,989,Rio Grande do Sul,3718654,26.528381,63.970289
Montenegro,276,Piauí,8616430,-86.390576,100.909319
Santos do Campo,786,São Paulo,7959031,74.072779,53.05376
Novais do Amparo,616,Rio de Janeiro,3759238,-44.569721,109.830805
Rocha da Prata,313,Maranhão,11906223,25.693256,-27.429552
Albuquerque do Galho,386,Amazonas,7705708,-44.640232,-11.988714
Garcia,694,Bahia,10467374,-18.512543,-143.167643
Rios,524,Alagoas,14152956,61.088115,22.124562
da Mata,609,São Paulo,5012595,33.194364,-6.574169
da Paz,345,Rondônia,10752396,-31.475327,-80.321425
Casa Grande do Norte,672,Roraima,14976547,27.263964,-112.190371
Costela da Prata,530,Alagoas,957520,54.977368,108.850948
Machado do Campo,615,Rio Grande do Norte,5366758,32.536035,79.661951
Souza,672,Rio Grande do Sul,4964422,-43.303271,-29.316353
da Costa do Galho,398,Sergipe,9786514,37.452413,25.935276
Sales do Norte,195,Minas Gerais,11973350,-49.974625,12.468637
Leão Alegre,804,Piauí,11277082,-25.470516,-71.929862
Albuquerque,175,Santa Catarina,14710142,10.484648,-74.237741
Costa dos Dourados,483,Tocantins,4344457,40.533595,21.251396
Porto,935,Roraima,11408681,71.926408,55.596472
Sá Verde,228,Piauí,12490770,66.857802,-28.629875
Vasconcelos,909,Santa Catarina,4376458,15.402725,-13.046174
da Rocha,121,Paraíba,14540668,24.191414,28.912719
Rodrigues,636,,14927093,-54.982115,-136.866263
Cirino,698,Ceará,5010578,-15.640694,133.505693
Garcia,155,Alagoas,3365419,-28.319421,175.388976
da Mota da Prata,915,Goiás,7681774,-64.219653,130.46182
Castro,185,Rio de Janeiro,8185249,-30.1267,175.190534
Abreu Alegre,321,Paraíba,84079,-8.630419,-104.622347
Aparecida,793,Bahia,12830908,-61.481679,102.675926
Peixoto do Norte,799,,10314259,-11.931945,-25.4125
Mendonça Verde,440,Piauí,6435982,-89.159555,12.161737
Barbosa Alegre,749,Pernambuco,241174,70.561151,92.465186
Cirino,544,Pernambuco,11358949,-89.25771,84.097167
Viana,232,Pernambuco,5782230,-33.823393,-143.02504
Leão,516,Piauí,2807133,-78.248336,-163.541393
Borges da Praia,972,Espírito Santo,12215993,3.651914,8.682352
Ribeiro,445,Mato Grosso,2249614,-28.308089,144.498159
Fonseca da Mata,368,Distrito Federal,2771286,80.655184,150.553947
Novais de Sá,414,,3768487,40.890389,-132.76592
Camargo,752,,8471346,-59.582746,-48.027077
Machado de Goiás,667,Rio Grande do Sul,6299684,67.777945,-87.915897
Aparecida,548,Rondônia,9969392,89.042442,58.30917
Garcia do Campo,670,Minas Gerais,814249,34.154955,-29.960797
Nogueira da Mata,390,Acre,4245244,-4.608659,-124.874245
Moraes do Galho,712,Paraíba,161104,-35.799038,58.199247
Aparecida de da Rocha,679,Rio Grande do Sul,10453812,19.014181,-130.621132
Duarte,851,Pernambuco,8587968,39.37792,-137.615555
Brito,117,Ceará,8355675,-54.243601,-108.090221
Pires,270,Amapá,3388514,-25.574069,-32.487757
Rios,165,,8332450,73.864193,67.75341
Rodrigues,493,Pará,50936,-87.705108,-147.958978
Costela,114,Piauí,11229325,-1.061275,161.800566
Ramos de Minas,799,Santa Catarina,12144383,40.243725,145.720578
Alves,660,Paraíba,4971428,-42.457496,-161.97113
Andrade de Minas,833,Amapá,666769,63.404763,-50.322721
Cavalcanti,694,Sergipe,12395648,-69.13781,126.448524
Novais de Minas,912,,14299166,-65.089,52.991505
da Luz,337,Pará,7348630,81.916048,-83.408617
Machado das Flores,751,,13677831,-28.30991,-139.02048
Dias do Sul,410,Minas Gerais,4565602,60.427502,68.364875
Nascimento,490,Acre,10890837,69.5023,-119.959657
Sá,136,Santa Catarina,988923,86.682451,123.965945
Sampaio,107,Amapá,9916145,-3.118527,24.819635
Montenegro do Campo,449,Maranhão,6376160,50.249573,40.089031
Pereira de Minas,884,Maranhão,14073307,40.910154,141.034609
Garcia de Gonçalves,495,Tocantins,1899776,69.766907,-21.352363
Melo,65,Ceará,5277037,-87.775162,132.599618
Carvalho,538,Santa Catarina,9679564,40.279238,-99.365429
Vieira da Prata,979,Maranhão,5680742,3.437942,67.766992
da Rosa,634,,11106706,40.797354,-6.505316
Albuquerque da Prata,680,Piauí,6462158,-63.242199,117.517615
Campos,914,Alagoas,920467,-87.903924,156.373711
Oliveira,518,Rio Grande do Norte,14297026,-0.749712,-120.454606
Nascimento da Prata,770,Amapá,4046494,-30.438928,-79.863433
Costela da Praia,520,Distrito Federal,10798073,-21.845233,114.15719
Ramos do Galho,81,Bahia,13447933,13.146288,-148.31285
Cirino,511,Espírito Santo,1996570,86.520733,88.286027
Correia do Campo,19,Ceará,6922892,-83.550252,17.675564
Sá,846,,10141848,83.370825,49.513724
Ramos de Novaes,912,Amapá,3475388,27.827277,-15.765148
Rios de Minas,350,Goiás,915586,56.985964,123.954278
Costa,340,Santa Catarina,10402813,17.991207,77.996905
Farias de Fogaça,373,Bahia,1917994,-72.461336,57.207691
Brito,3,Maranhão,13928141,24.059012,107.968578
Correia,561,Mato Grosso,11784217,-70.861999,142.875763
Machado de Farias,505,Rio Grande do Norte,12031849,43.65196,-32.684127
Sales Verde,261,Bahia,3151456,-68.265755,126.789974
Dias das Pedras,221,Ceará,13115058,-55.695822,-58.343923
Dias,776,Espírito Santo,10629012,60.743923,31.971999
Silva,791,Santa Catarina,7678695,28.522205,164.228516
da Mota da Praia,138,Bahia,77773,5.465583,-162.514222
Mendes dos Dourados,958,Paraíba,9821696,-3.072247,2.999844
Vasconcelos da Mata,944,Paraná,11611775,14.139789,82.978078
Cavalcanti,132,Rio Grande do Sul,11036385,18.098284,137.770511
da Mota,517,Tocantins,7029028,86.310137,149.727687
Nascimento,781,Distrito Federal,6680150,83.446837,169.376994
Siqueira de Minas,464,Santa Catarina,2323275,-15.705815,72.005143
Almeida,767,Pernambuco,14149441,36.268976,129.854717
Pacheco,729,Rio de Janeiro,9292557,23.864991,-107.67993
Vargas Verde,640,Distrito Federal,11524426,-27.847155,62.054537
Novaes,728,Goiás,2988202,0.700819,69.952311
Rezende de Vasconcelos,331,Bahia,12768686,-26.597196,-7.066828
Gonçalves de Goiás,585,São Paulo,11918897,-14.853972,89.23274
Carvalho dos Dourados,862,Pernambuco,14726625,62.514196,110.989721
Gonçalves,536,Mato Grosso do Sul,6394943,-63.841192,61.291504
Ribeiro,205,Espírito Santo,13184043,-61.031629,-76.818403
Sá,257,Pernambuco,1045738,34.307073,-73.749396
Machado,772,Ceará,6022692,56.524719,-143.107198
Nunes,889,Rio de Janeiro,9431865,65.671467,87.268585
Sousa,575,Santa Catarina,8576853,51.175291,107.575831
Fogaça de Aparecida,295,Espírito Santo,793191,76.767266,-40.480326
da Conceição de Azevedo,980,Goiás,11499888,-33.722283,18.764855
da Conceição do Norte,14,Rondônia,3412238,21.701105,101.132961
Moreira,892,Sergipe,3789075,74.067548,73.666465
Gomes do Amparo,664,Paraíba,9876467,8.390725,37.219312
Aparecida,795,Rio Grande do Sul,3251352,-37.04801,-116.126677
Caldeira do Galho,700,,2920798,42.314307,-137.032628
Sousa Paulista,42,Rio de Janeiro,9343175,-42.436873,-122.065614
Garcia,867,Rio Grande do Sul,5550923,-6.060359,157.498002
Fonseca Verde,41,Rio Grande do Sul,5417833,17.43846,98.517942
Moreira,641,Goiás,11109675,-35.792133,104.366946
Câmara do Galho,564,Minas Gerais,13158864,37.382681,9.142224
Ferreira do Amparo,980,Sergipe,1148811,51.526483,-122.626623
Pereira de Abreu,557,Pernambuco,1547590,-27.107469,138.022826
Macedo,680,Ceará,6058183,-37.156616,162.110979
Barbosa,634,Pernambuco,9422633,58.263912,173.207951
Cunha Grande,10,Ceará,5810039,-9.779896,145.618725
Fonseca,629,Rio Grande do Norte,4095740,82.601427,65.71849
Ribeiro,329,Espírito Santo,13363129,80.097781,-41.084663
Farias do Campo,554,Paraná,419493,74.040467,115.959263
Mendes de Costela,384,Rio de Janeiro,8540166,-9.799758,-164.213402
Ramos,920,Tocantins,5378956,2.501046,161.356255
Almeida de Goiás,172,Alagoas,12979131,6.83547,-177.360989
Oliveira,68,Rio de Janeiro,10566500,49.244808,131.382308
Carvalho,435,Rio Grande do Sul,3454052,6.795759,72.987432
Oliveira,1000,Bahia,7307077,26.381009,158.3104
Cavalcante,765,Goiás,403508,-7.339458,-60.582465
Moreira,90,,2991212,52.958662,20.910314
Peixoto Verde,589,Rio Grande do Sul,4344392,-16.6261,-17.594761
Silveira,415,Santa Catarina,288383,-19.889664,-137.409926
Barros do Oeste,7,Paraíba,10379180,-78.617234,88.542371
Mendes de Cavalcante,47,Espírito Santo,1222848,-25.613975,1.021302
Peixoto Grande,297,Sergipe,5060825,19.181851,-78.65372
Pinto,949,Rondônia,6633900,57.982027,-168.905106
Cavalcante Alegre,161,Paraíba,2293101,44.415704,106.837357
da Conceição,870,Minas Gerais,10642521,-64.066403,63.824056
Cardoso do Campo,937,Acre,14553177,41.278424,-45.673015
Moreira,973,,14681153,9.912554,-135.635343
Cassiano do Campo,6,Ceará,6616593,6.687369,160.91258
Pimenta de Peixoto,313,Alagoas,12444139,72.638348,-56.213406
Borges,423,Paraná,14290109,2.259485,-122.056431
Pereira,227,Piauí,4245303,-55.021281,-114.711125
Vasconcelos,819,Rondônia,917484,63.24979,155.653152
Moreira das Pedras,563,Mato Grosso do Sul,9226841,-76.833977,61.80669
Sampaio,257,,12178367,14.507218,162.554366
da Conceição do Amparo,366,Sergipe,11002011,-47.784087,-77.350628
Ferreira Verde,72,Sergipe,5336563,-2.544979,-61.795412
Lima,676,Bahia,9805745,-62.568907,24.070281
Mendes de Goiás,828,Amapá,7190805,-59.644888,-67.242679
Peixoto da Prata,805,Pará,12417056,25.350938,-80.395259
Correia do Sul,369,Roraima,12302242,-30.318669,-7.216571
Oliveira,457,Pernambuco,5129966,-2.345151,-140.820251
Moreira,662,Acre,14127942,-39.489131,117.519722
Rezende do Oeste,913,Roraima,4421344,42.038031,45.582799
Jesus da Praia,745,,317564,62.925709,47.385538
Cassiano,833,Pará,6802028,48.456046,-103.406153
da Luz da Prata,38,Pará,9122902,70.917468,14.283762
Pimenta Paulista,670,Rondônia,6142418,-19.350298,140.917516
Sá do Oeste,604,Pará,4887155,-65.901373,0.404342
Cavalcanti de Freitas,93,Piauí,8429968,-88.093497,-94.00291
da Cunha de das Neves,988,Rio de Janeiro,10306814,33.149098,92.594186
Vasconcelos das Flores,144,Santa Catarina,3010557,11.944306,23.692512
Ribeiro,894,Amazonas,12351685,41.760805,158.103093
Machado,42,Sergipe,8186277,-48.285017,-84.831439
Brito,240,,3474093,3.219341,104.925765
Moraes,398,Minas Gerais,7632651,68.679357,-165.634309
Novaes do Norte,665,Ceará,11811735,84.319452,48.084113
Porto do Sul,281,Sergipe,4422710,14.153658,25.257655
Casa Grande,386,Paraná,6133662,15.782188,143.361582
Borges de Minas,80,Goiás,6318749,85.08134,-99.756268
Freitas,416,Amapá,14562916,-27.894182,105.356683
Silveira,909,Minas Gerais,8424427,68.766164,-21.636468
Pimenta do Galho,236,,10800752,-39.454288,-125.913453
Silva do Norte,162,São Paulo,12039342,57.051914,57.999471
Porto,425,Paraná,12088884,-69.599034,63.082593
Albuquerque de Costa,491,Rondônia,2710263,26.506662,-32.076285
Correia do Norte,250,,9626507,16.622579,-131.499343
Pimenta,525,,9606085,-63.564282,-120.117108
Rocha,945,Alagoas,6807428,17.884354,22.897693
da Costa do Sul,20,Ceará,12218382,29.114111,-77.956334
da Mota,88,São Paulo,10180815,88.699648,132.228864
Fogaça das Flores,175,Minas Gerais,6896524,18.150969,106.061785
Moreira,841,Acre,10460757,28.736775,-84.772549
Borges,742,Piauí,7612966,17.376005,-155.216557
Silveira da Prata,388,Rio de Janeiro,1826504,-87.018727,8.176083
Ferreira Paulista,932,Espírito Santo,7047991,58.772553,37.983966
Marques,182,Minas Gerais,10318762,17.966483,135.99095
da Luz,545,Ceará,1976598,-73.225806,57.38134
Montenegro do Campo,924,Piauí,13888511,-89.783963,157.584543
Montenegro,695,Maranhão,8763448,-14.276876,134.936748
Camargo do Galho,715,Goiás,3855140,78.915893,-6.435559
Sales dos Dourados,788,Minas Gerais,9887586,54.831787,146.829196
Vargas de da Cruz,858,São Paulo,1644417,-13.411909,-88.37351
Vasconcelos dos Dourados,785,Rondônia,14417521,-74.912835,35.385246
Pastor de Alves,557,Paraná,3176246,-89.015498,87.712445
da Luz,8,Amapá,1981835,3.557132,-44.989243
Porto de Goiás,211,Rondônia,5304951,-16.407886,-141.630042
Dias,437,Pará,4260251,-42.965479,12.997761
Moreira da Prata,579,Acre,4628138,88.523761,-36.916507
da Cruz da Mata,209,Amapá,13154787,10.361282,-115.660945
Rocha Alegre,573,Amapá,4262682,87.931488,27.954415
Melo,793,Mato Grosso,12349380,-65.147667,130.97899
Cunha Verde,122,Goiás,7497618,50.959667,161.728264
Souza,103,Rondônia,6725296,51.494602,108.307344
Monteiro,629,Santa Catarina,11862967,-80.630497,-39.922675
da Costa,652,,1533212,58.185984,-10.199282
da Luz,615,Distrito Federal,1080091,-42.64344,-46.499355
Costa,624,,6452920,77.523298,-35.767851
Pinto,672,Mato Grosso do Sul,11943764,83.435368,-159.313308
Vasconcelos,793,Amazonas,10747305,-1.013692,-176.144257
Barros,871,Rondônia,13492370,3.267591,-109.891262
Pimenta de Abreu,803,São Paulo,8658916,35.720952,41.468395
Mendes,691,,4019060,27.903441,171.232524
Pinto Alegre,89,Paraná,13085740,-18.101936,61.078337
Mendonça da Serra,416,São Paulo,8691281,-87.234026,73.303893
Gonçalves de Goiás,942,,4778013,40.704968,21.280992
Aragão,597,Pernambuco,13687069,-40.228587,38.290827
Mendes da Prata,200,Alagoas,6782264,13.48321,-86.001298
Gonçalves da Serra,417,Paraíba,9377268,-76.970525,-74.069343
Sampaio,970,Pernambuco,8616521,82.207683,135.400697
Dias de Sales,833,Acre,4201677,34.954535,167.779964
Rocha,577,Distrito Federal,4086447,46.345191,166.045941
Pacheco do Campo,470,Mato Grosso,9850315,65.16419,-6.490742
Pimenta Paulista,265,,10636080,51.958083,-100.662364
Novaes,719,Goiás,5302082,-15.763325,-52.885344
da Mata,549,,13966614,-42.597056,-76.57575
Pimenta de Fernandes,409,Mato Grosso do Sul,13780347,-28.441282,19.638541
Monteiro,183,Pará,5936382,-50.658096,26.536543
Leão,188,Roraima,11465638,77.445947,-111.539701
Fonseca das Flores,755,Goiás,12343452,-46.429827,-84.454066
Cirino de Oliveira,235,Bahia,4194194,60.540248,-51.830146
Brito,798,Santa Catarina,1321802,31.646182,58.832668
da Costa da Prata,629,,14384572,7.465312,-164.785274
Garcia do Oeste,494,Bahia,5296817,-1.378732,174.730079
Melo,919,Sergipe,4614255,-1.655037,174.382086
Cavalcanti,938,Pará,6680310,-50.023299,27.599467
Carvalho de Pires,56,Pernambuco,7104712,-3.902386,14.67646
Viana do Amparo,515,Maranhão,14440118,33.540956,-117.07187
Novais Verde,1000,Alagoas,8699039,-7.187294,68.115798
Brito da Serra,13,Alagoas,6370745,14.581479,-62.842968
da Cunha,628,Paraná,3144896,8.741412,-94.629905
Machado,483,Santa Catarina,5761203,-24.133653,-0.442794
da Luz da Praia,216,Mato Grosso do Sul,12624750,-22.984267,127.557391
Ferreira do Sul,287,Pará,9591664,-66.39495,27.321383
Ferreira,235,Rondônia,12098276,-41.409161,-95.110138
Oliveira,443,Rio de Janeiro,3294394,-63.748128,165.293251
Vasconcelos,154,Maranhão,168448,-58.21069,-0.144783
Duarte do Galho,915,Paraná,8678937,6.116866,-66.338191
Barros de Garcia,499,Rio Grande do Norte,9436118,64.530357,-162.824651
Martins Grande,102,Ceará,1012243,-51.215882,-88.455714
Leão Verde,860,Minas Gerais,7552311,44.02678,-86.483116
Barros,369,Ceará,13594811,-43.611331,-172.85928
da Conceição Alegre,125,Mato Grosso,11406558,83.360981,-108.37508
Santos Paulista,590,Rio Grande do Norte,9038494,-58.58301,100.911275
da Mata dos Dourados,364,São Paulo,8568838,-2.251126,85.149419
Souza Verde,911,,10300569,-38.425756,47.416389
Jesus de Cavalcante,149,Ceará,10752159,55.389086,-58.540208
Cardoso,647,Santa Catarina,6795959,62.802139,-154.316132
Ribeiro,166,Goiás,5264356,-32.961916,-75.111713
Costela,274,Ceará,6639639,-41.175342,-19.83658
Caldeira do Campo,884,Amapá,12552604,15.645559,167.589372
Novaes de Aragão,424,Acre,14336296,-85.841803,81.99807
Moura de Minas,678,Amazonas,12485157,36.125447,-151.176694
Pinto Grande,171,Amapá,1608125,-78.517368,136.328752
das Neves de Goiás,562,,12939121,-18.537746,95.398694
Sousa,86,Maranhão,10375033,-62.050615,55.739763
Pires de Cardoso,907,Bahia,3852954,-45.468627,-77.696899
Alves,642,Alagoas,8842269,60.9332,-169.714335
Duarte do Amparo,680,Paraíba,5460972,65.563405,-11.810348
Novaes dos Dourados,892,Bahia,4575355,8.738149,-131.358633
Pastor,972,Rio Grande do Norte,2975181,16.349567,-15.644369
Pires de Souza,767,Rio Grande do Sul,9467089,-11.704073,50.323143
Moura da Prata,547,Maranhão,5829517,-3.302697,-98.23376
Mendes da Prata,92,Espírito Santo,6141825,-15.803315,-123.941686
Macedo,11,,13684802,46.492821,-130.931836
Fonseca das Pedras,294,Goiás,144537,33.798593,-2.904605
da Rosa,774,Acre,158219,47.856457,107.267319
Moreira,612,Tocantins,126097,8.678195,-112.114447
Ferreira,904,Maranhão,6627840,-45.018699,77.377674
Nascimento de Albuquerque,662,Roraima,6352794,-50.293363,-151.484496
Sá de Mendes,641,Maranhão,12831824,53.992633,40.757839
Vargas,711,Pará,4781085,26.722267,11.499936
Peixoto de Goiás,276,Sergipe,14324052,-77.676489,-130.815348
Novaes,114,Mato Grosso do Sul,10368779,-8.501898,72.170135
Jesus,504,Piauí,330400,-62.613125,169.097838
Gonçalves de Goiás,23,Ceará,1720864,-39.219383,-134.985887
Garcia de Goiás,449,Goiás,3910912,-73.764543,-174.699055
Lima,223,Rio Grande do Sul,5232389,51.430561,-0.577528
Moreira,381,São Paulo,13282903,-84.287318,-151.119685
da Paz da Prata,769,Sergipe,945167,-42.029356,-38.728161
Jesus do Oeste,557,Amapá,3229451,71.225816,-89.971392
Carvalho,391,Maranhão,2051175,85.427731,77.285708
Porto,395,Paraíba,7436651,-45.510806,178.032747
da Mata de Sampaio,204,Rio Grande do Norte,12940165,-73.087145,59.762838
Correia de Duarte,214,Acre,11437704,83.018501,157.037489
Aragão,163,Piauí,712762,44.050424,17.84878
Cirino,126,Amazonas,10717588,-36.213645,-50.246404
da Mata Grande,54,Roraima,3658880,85.189331,-95.052298
Siqueira de Albuquerque,445,Espírito Santo,2812840,52.990272,30.49087
Cassiano,406,Acre,154818,84.390287,29.187728
Cunha de Fernandes,708,Pará,10007782,-62.10145,97.48692
Viana do Amparo,255,Mato Grosso do Sul,1538463,33.470036,-58.168045
Sampaio de Vieira,993,Alagoas,10492980,-79.19058,-52.013637
Barros Grande,158,Alagoas,13283600,-70.669502,-4.376563
Vasconcelos das Flores,325,Amapá,13234872,26.036276,-54.965614
Cirino de Correia,914,Tocantins,3242420,-86.15649,-44.003183
Garcia do Sul,742,Amazonas,667507,-2.645616,-22.499999
Gomes,302,São Paulo,8227379,-55.840349,-112.814378
da Cruz de Sousa,357,Alagoas,7863359,-40.441597,119.285854
Marques,937,Santa Catarina,2695116,-77.602215,-124.190828
Moreira,303,Rondônia,9091640,-23.919713,-179.740862
Melo,654,Minas Gerais,12313734,-56.603828,-173.260852
Duarte da Serra,878,Rio Grande do Sul,10410184,-47.01842,79.561283
Souza,675,Piauí,13746374,-20.251649,8.665117
da Cunha,510,Paraná,2590897,20.347064,-63.863986
Costa da Praia,657,Alagoas,1619912,4.176097,-155.995256
Camargo,856,Espírito Santo,3002061,67.2287,-107.25155
Duarte do Sul,498,Ceará,538803,12.782193,121.06783
Pacheco do Campo,674,Minas Gerais,10473487,36.236524,-87.862129
Albuquerque,376,Alagoas,12048443,-77.242687,154.875973
Sales de Peixoto,214,Bahia,14932818,59.773986,-11.498708
Vargas de Minas,655,,9367020,43.825939,140.55502
Castro,842,Paraná,11890546,-79.505996,42.095997
Rodrigues,542,,1185916,60.20217,-151.943265
Teixeira do Norte,222,Alagoas,1634390,-71.779478,-96.833519
Ramos Grande,395,Roraima,8833037,28.237772,25.209961
Cardoso,971,Paraná,12574395,10.465489,88.599015
Dias,785,Piauí,6010628,31.408661,72.91815
Macedo do Oeste,438,Acre,2803595,52.643088,17.987568
Fogaça Grande,517,Goiás,2658760,6.102086,35.969663
Mendonça,956,Roraima,5292423,9.014642,178.866113
Novais de da Rocha,866,Piauí,12825886,23.983348,117.415791
Correia de Nunes,332,Ceará,9453000,8.212723,-44.977293
Duarte dos Dourados,564,Goiás,4267908,-25.198462,-17.134749
Azevedo,983,Pernambuco,12190514,-83.760678,-77.586419
Machado,17,Maranhão,14942167,-35.668502,-71.879774
Nogueira da Praia,228,Paraíba,5288223,-86.093753,115.898372
Vasconcelos,707,Rio Grande do Sul,9293926,2.028868,25.440554
Siqueira da Serra,586,Acre,638110,-7.133435,-123.801442
Vasconcelos de Goiás,272,Mato Grosso,9771952,-45.025757,-87.752218
