nome,pais_origem_id,ano_fundacao,website,ativo
Boeing,308,1911,https://www.boeing.com,True
Airbus,585,1951,https://www.airbus.com,True
Embraer,583,2017,https://www.embraer.com,True
Bombardier,223,1993,https://www.bombardier.com,True
Cessna,80,1992,https://www.cessna.com,True
Dassault Aviation,333,2001,https://www.dassaultaviation.com,True
Gulfstream,495,1922,https://www.gulfstream.com,True
ATR,500,2005,https://www.atr.com,True
Pilatus,921,1988,https://www.pilatus.com,True
Saab,720,1973,https://www.saab.com,True
Lockheed Martin,840,2016,https://www.lockheedmartin.com,True
Mitsubishi Aircraft,98,1976,https://www.mitsubishiaircraft.com,True
COMAC,658,1938,https://www.comac.com,True
Sukhoi,39,1993,https://www.sukhoi.com,True
Tupolev,828,1973,https://www.tupolev.com,True
Antonov,391,1910,https://www.antonov.com,True
Fokker,799,1907,https://www.fokker.com,True
BAE Systems,944,1998,https://www.baesystems.com,True
De Havilland,343,1944,https://www.dehavilland.com,True
Beechcraft,901,2004,https://www.beechcraft.com,True
TechWorks 20,953,1965,https://www.techworks20.com,True
JetSolutions 21,951,1951,https://www.jetsolutions21.com,True
TechCorp 22,313,2017,https://www.techcorp22.com,False
StarSolutions 23,154,1991,https://www.starsolutions23.com,True
JetAviation 24,52,2000,https://www.jetaviation24.com,True
GlobalSolutions 25,517,1961,https://www.globalsolutions25.com,True
WingWorks 26,152,1966,https://www.wingworks26.com,True
NovaSolutions 27,764,1956,https://www.novasolutions27.com,True
WingIndustries 28,409,2014,https://www.wingindustries28.com,True
AirAviation 29,493,2021,https://www.airaviation29.com,True
TechSolutions 30,201,2021,https://www.techsolutions30.com,True
StarAerospace 31,249,1959,https://www.staraerospace31.com,True
TechDynamics 32,702,2023,https://www.techdynamics32.com,False
TechWorks 33,375,1994,https://www.techworks33.com,True
FlySolutions 34,672,1953,https://www.flysolutions34.com,True
AirDynamics 35,632,2006,https://www.airdynamics35.com,True
NovaCorp 36,947,1979,https://www.novacorp36.com,True
FlyAviation 37,776,1960,https://www.flyaviation37.com,True
AeroAerospace 38,972,1968,https://www.aeroaerospace38.com,True
WingCorp 39,352,1964,https://www.wingcorp39.com,True
NovaCorp 40,340,1976,https://www.novacorp40.com,True
JetAerospace 41,560,2016,https://www.jetaerospace41.com,True
StarManufacturing 42,638,1968,https://www.starmanufacturing42.com,True
AeroWorks 43,597,2017,https://www.aeroworks43.com,False
AirCorp 44,291,1975,https://www.aircorp44.com,True
GlobalSystems 45,55,2009,https://www.globalsystems45.com,True
AeroIndustries 46,398,1984,https://www.aeroindustries46.com,True
FlyIndustries 47,20,1987,https://www.flyindustries47.com,True
TechAerospace 48,390,2015,https://www.techaerospace48.com,True
SkyDynamics 49,497,2018,https://www.skydynamics49.com,False
JetEngineering 50,990,2008,https://www.jetengineering50.com,True
AeroCorp 51,254,2017,https://www.aerocorp51.com,True
NovaWorks 52,763,1970,https://www.novaworks52.com,False
FlyDynamics 53,641,1988,https://www.flydynamics53.com,True
StarSystems 54,832,1957,https://www.starsystems54.com,True
TechCorp 55,967,2021,https://www.techcorp55.com,True
JetAviation 56,350,2000,https://www.jetaviation56.com,True
SkyWorks 57,534,1979,https://www.skyworks57.com,True
GlobalAviation 58,437,1989,https://www.globalaviation58.com,True
FlyManufacturing 59,556,1966,https://www.flymanufacturing59.com,True
AirSolutions 60,555,1975,https://www.airsolutions60.com,True
WingEngineering 61,932,1967,https://www.wingengineering61.com,True
AirSolutions 62,940,1970,https://www.airsolutions62.com,True
StarEngineering 63,972,1965,https://www.starengineering63.com,True
AirCorp 64,784,1990,https://www.aircorp64.com,True
TechWorks 65,311,2006,https://www.techworks65.com,True
WingAviation 66,798,1974,https://www.wingaviation66.com,True
AirCorp 67,781,1984,https://www.aircorp67.com,True
GlobalAerospace 68,611,1979,https://www.globalaerospace68.com,True
AeroDynamics 69,82,2011,https://www.aerodynamics69.com,True
GlobalManufacturing 70,730,1997,https://www.globalmanufacturing70.com,True
TechManufacturing 71,486,1967,https://www.techmanufacturing71.com,True
JetCorp 72,419,1951,https://www.jetcorp72.com,True
TechAerospace 73,761,1975,https://www.techaerospace73.com,True
SkyAviation 74,950,2006,https://www.skyaviation74.com,True
NovaDynamics 75,888,2008,https://www.novadynamics75.com,True
TechWorks 76,795,1955,https://www.techworks76.com,True
TechDynamics 77,404,2023,https://www.techdynamics77.com,True
StarCorp 78,534,1963,https://www.starcorp78.com,True
AeroAerospace 79,532,2018,https://www.aeroaerospace79.com,True
AeroEngineering 80,397,2016,https://www.aeroengineering80.com,True
AeroAerospace 81,299,2006,https://www.aeroaerospace81.com,True
WingSystems 82,473,1971,https://www.wingsystems82.com,True
GlobalCorp 83,707,2016,https://www.globalcorp83.com,True
NovaManufacturing 84,93,2014,https://www.novamanufacturing84.com,True
GlobalEngineering 85,139,2000,https://www.globalengineering85.com,True
NovaCorp 86,184,2008,https://www.novacorp86.com,True
JetManufacturing 87,93,1982,https://www.jetmanufacturing87.com,True
AirIndustries 88,94,1964,https://www.airindustries88.com,True
FlyIndustries 89,537,1999,https://www.flyindustries89.com,True
StarSolutions 90,973,1970,https://www.starsolutions90.com,True
TechCorp 91,787,1971,https://www.techcorp91.com,True
GlobalAviation 92,167,1968,https://www.globalaviation92.com,True
AeroWorks 93,316,1989,https://www.aeroworks93.com,True
NovaSystems 94,642,1973,https://www.novasystems94.com,True
AirAerospace 95,4,1982,https://www.airaerospace95.com,False
NovaManufacturing 96,557,1950,https://www.novamanufacturing96.com,True
NovaAerospace 97,223,2010,https://www.novaaerospace97.com,True
NovaIndustries 98,616,1950,https://www.novaindustries98.com,True
StarSystems 99,635,2021,https://www.starsystems99.com,True
JetCorp 100,190,1968,https://www.jetcorp100.com,False
FlyCorp 101,149,1954,https://www.flycorp101.com,True
GlobalSystems 102,340,1961,https://www.globalsystems102.com,False
TechAviation 103,166,1986,https://www.techaviation103.com,True
GlobalSolutions 104,807,2021,https://www.globalsolutions104.com,True
NovaSolutions 105,369,1954,https://www.novasolutions105.com,False
WingDynamics 106,378,1998,https://www.wingdynamics106.com,True
TechEngineering 107,67,1987,https://www.techengineering107.com,True
SkySystems 108,338,2017,https://www.skysystems108.com,True
JetAerospace 109,627,1957,https://www.jetaerospace109.com,True
StarIndustries 110,496,1986,https://www.starindustries110.com,True
FlySystems 111,539,2023,https://www.flysystems111.com,True
FlyAviation 112,630,2022,https://www.flyaviation112.com,True
NovaManufacturing 113,828,1973,https://www.novamanufacturing113.com,True
JetSystems 114,199,1950,https://www.jetsystems114.com,True
NovaIndustries 115,756,1976,https://www.novaindustries115.com,True
TechWorks 116,47,1992,https://www.techworks116.com,True
JetCorp 117,656,1975,https://www.jetcorp117.com,True
WingIndustries 118,316,1988,https://www.wingindustries118.com,True
FlyCorp 119,117,1992,https://www.flycorp119.com,True
GlobalSolutions 120,984,1953,https://www.globalsolutions120.com,True
JetDynamics 121,854,1993,https://www.jetdynamics121.com,True
NovaManufacturing 122,817,1954,https://www.novamanufacturing122.com,True
NovaAviation 123,643,2008,https://www.novaaviation123.com,True
StarDynamics 124,474,2002,https://www.stardynamics124.com,True
AeroEngineering 125,307,2022,https://www.aeroengineering125.com,True
FlyEngineering 126,549,1952,https://www.flyengineering126.com,True
FlyDynamics 127,68,1969,https://www.flydynamics127.com,True
AeroDynamics 128,385,2018,https://www.aerodynamics128.com,True
GlobalSolutions 129,399,1973,https://www.globalsolutions129.com,True
WingDynamics 130,727,1954,https://www.wingdynamics130.com,True
SkyManufacturing 131,899,1980,https://www.skymanufacturing131.com,True
WingAerospace 132,538,1988,https://www.wingaerospace132.com,True
FlyCorp 133,797,1975,https://www.flycorp133.com,True
NovaEngineering 134,26,2011,https://www.novaengineering134.com,True
AirAerospace 135,349,2011,https://www.airaerospace135.com,True
StarSystems 136,795,1991,https://www.starsystems136.com,True
SkyEngineering 137,693,1966,https://www.skyengineering137.com,True
AeroManufacturing 138,397,2016,https://www.aeromanufacturing138.com,True
WingCorp 139,704,1961,https://www.wingcorp139.com,True
AeroIndustries 140,534,1989,https://www.aeroindustries140.com,False
WingAerospace 141,329,1975,https://www.wingaerospace141.com,True
WingEngineering 142,327,2006,https://www.wingengineering142.com,True
WingAviation 143,162,1985,https://www.wingaviation143.com,True
GlobalEngineering 144,527,1963,https://www.globalengineering144.com,True
FlyEngineering 145,327,1984,https://www.flyengineering145.com,True
WingSolutions 146,251,1971,https://www.wingsolutions146.com,False
GlobalDynamics 147,554,2006,https://www.globaldynamics147.com,False
AeroManufacturing 148,925,1956,https://www.aeromanufacturing148.com,True
AeroIndustries 149,437,2000,https://www.aeroindustries149.com,True
GlobalSolutions 150,645,2007,https://www.globalsolutions150.com,True
WingDynamics 151,838,1975,https://www.wingdynamics151.com,True
StarIndustries 152,998,2009,https://www.starindustries152.com,True
SkyManufacturing 153,100,2008,https://www.skymanufacturing153.com,True
NovaManufacturing 154,238,1978,https://www.novamanufacturing154.com,True
GlobalSystems 155,935,1996,https://www.globalsystems155.com,True
FlyDynamics 156,465,2012,https://www.flydynamics156.com,False
NovaIndustries 157,360,2011,https://www.novaindustries157.com,True
AirSystems 158,787,1994,https://www.airsystems158.com,True
AirEngineering 159,106,2001,https://www.airengineering159.com,True
SkyDynamics 160,570,1959,https://www.skydynamics160.com,True
StarManufacturing 161,411,2002,https://www.starmanufacturing161.com,True
JetEngineering 162,163,2011,https://www.jetengineering162.com,True
FlyAerospace 163,834,2005,https://www.flyaerospace163.com,True
TechSolutions 164,807,1993,https://www.techsolutions164.com,True
JetAviation 165,679,1959,https://www.jetaviation165.com,True
GlobalManufacturing 166,118,2009,https://www.globalmanufacturing166.com,True
SkyManufacturing 167,181,1989,https://www.skymanufacturing167.com,True
SkySolutions 168,112,1998,https://www.skysolutions168.com,True
AeroIndustries 169,223,1967,https://www.aeroindustries169.com,True
AeroAviation 170,677,1969,https://www.aeroaviation170.com,True
WingWorks 171,631,2023,https://www.wingworks171.com,True
JetDynamics 172,307,2022,https://www.jetdynamics172.com,True
WingWorks 173,736,1994,https://www.wingworks173.com,True
GlobalCorp 174,627,2015,https://www.globalcorp174.com,True
AirSystems 175,64,1997,https://www.airsystems175.com,True
AeroCorp 176,721,2021,https://www.aerocorp176.com,True
FlyIndustries 177,882,1986,https://www.flyindustries177.com,True
JetWorks 178,720,2000,https://www.jetworks178.com,True
TechWorks 179,391,2005,https://www.techworks179.com,True
AirManufacturing 180,143,1974,https://www.airmanufacturing180.com,True
FlyWorks 181,158,1986,https://www.flyworks181.com,True
AirAviation 182,12,1959,https://www.airaviation182.com,True
AirManufacturing 183,674,2005,https://www.airmanufacturing183.com,True
AirIndustries 184,141,2003,https://www.airindustries184.com,True
GlobalWorks 185,639,1973,https://www.globalworks185.com,True
TechEngineering 186,840,2007,https://www.techengineering186.com,True
JetAviation 187,435,1950,https://www.jetaviation187.com,True
JetEngineering 188,276,2002,https://www.jetengineering188.com,True
GlobalDynamics 189,35,1954,https://www.globaldynamics189.com,True
FlyIndustries 190,595,2011,https://www.flyindustries190.com,True
SkyAviation 191,748,2017,https://www.skyaviation191.com,True
WingManufacturing 192,530,1960,https://www.wingmanufacturing192.com,True
GlobalIndustries 193,252,2010,https://www.globalindustries193.com,True
SkyEngineering 194,818,2024,https://www.skyengineering194.com,True
AeroDynamics 195,548,1951,https://www.aerodynamics195.com,True
StarManufacturing 196,588,1992,https://www.starmanufacturing196.com,True
WingSystems 197,172,1954,https://www.wingsystems197.com,True
GlobalSystems 198,745,2022,https://www.globalsystems198.com,True
NovaSolutions 199,174,2023,https://www.novasolutions199.com,False
WingSolutions 200,28,1986,https://www.wingsolutions200.com,True
AirEngineering 201,79,1985,https://www.airengineering201.com,True
GlobalSystems 202,282,1982,https://www.globalsystems202.com,False
SkySolutions 203,179,1969,https://www.skysolutions203.com,True
FlyAviation 204,268,1980,https://www.flyaviation204.com,True
StarCorp 205,352,1960,https://www.starcorp205.com,True
GlobalAviation 206,858,2013,https://www.globalaviation206.com,True
TechWorks 207,244,2006,https://www.techworks207.com,True
AirAerospace 208,592,1994,https://www.airaerospace208.com,False
WingIndustries 209,54,1971,https://www.wingindustries209.com,True
NovaSystems 210,488,2018,https://www.novasystems210.com,True
TechManufacturing 211,269,1968,https://www.techmanufacturing211.com,True
TechCorp 212,296,2007,https://www.techcorp212.com,True
FlyEngineering 213,700,1955,https://www.flyengineering213.com,False
StarDynamics 214,980,2005,https://www.stardynamics214.com,True
WingDynamics 215,277,1984,https://www.wingdynamics215.com,True
WingSolutions 216,401,2009,https://www.wingsolutions216.com,True
JetSolutions 217,789,1974,https://www.jetsolutions217.com,True
AirDynamics 218,561,1951,https://www.airdynamics218.com,True
SkyCorp 219,422,1962,https://www.skycorp219.com,True
NovaDynamics 220,225,1986,https://www.novadynamics220.com,True
AeroCorp 221,635,1961,https://www.aerocorp221.com,False
GlobalAerospace 222,974,1965,https://www.globalaerospace222.com,True
SkyIndustries 223,877,1966,https://www.skyindustries223.com,True
GlobalAviation 224,918,1964,https://www.globalaviation224.com,True
WingSystems 225,479,1959,https://www.wingsystems225.com,True
WingWorks 226,709,1991,https://www.wingworks226.com,True
SkySystems 227,796,1957,https://www.skysystems227.com,True
FlyCorp 228,265,1983,https://www.flycorp228.com,True
SkyManufacturing 229,951,1975,https://www.skymanufacturing229.com,True
AirManufacturing 230,112,1968,https://www.airmanufacturing230.com,True
TechAerospace 231,629,1963,https://www.techaerospace231.com,True
WingIndustries 232,36,1959,https://www.wingindustries232.com,False
WingManufacturing 233,20,2013,https://www.wingmanufacturing233.com,True
AeroCorp 234,681,1999,https://www.aerocorp234.com,True
FlyWorks 235,589,1950,https://www.flyworks235.com,True
NovaManufacturing 236,447,2001,https://www.novamanufacturing236.com,True
SkyEngineering 237,232,1950,https://www.skyengineering237.com,True
NovaIndustries 238,581,2018,https://www.novaindustries238.com,True
FlyDynamics 239,699,1988,https://www.flydynamics239.com,True
SkyDynamics 240,548,1993,https://www.skydynamics240.com,False
NovaSystems 241,664,1975,https://www.novasystems241.com,True
AeroWorks 242,677,1974,https://www.aeroworks242.com,True
TechIndustries 243,646,1995,https://www.techindustries243.com,True
NovaAerospace 244,144,1954,https://www.novaaerospace244.com,True
GlobalAerospace 245,501,1999,https://www.globalaerospace245.com,False
StarSystems 246,512,2018,https://www.starsystems246.com,True
NovaCorp 247,38,1993,https://www.novacorp247.com,False
AeroWorks 248,122,1977,https://www.aeroworks248.com,True
StarManufacturing 249,963,2018,https://www.starmanufacturing249.com,True
GlobalAerospace 250,948,1959,https://www.globalaerospace250.com,False
AirManufacturing 251,670,1952,https://www.airmanufacturing251.com,True
GlobalCorp 252,249,1966,https://www.globalcorp252.com,False
AeroSystems 253,841,1962,https://www.aerosystems253.com,True
AirSolutions 254,66,1963,https://www.airsolutions254.com,True
GlobalSolutions 255,226,1958,https://www.globalsolutions255.com,True
TechDynamics 256,831,2001,https://www.techdynamics256.com,True
GlobalEngineering 257,141,1991,https://www.globalengineering257.com,True
JetCorp 258,608,1972,https://www.jetcorp258.com,True
SkySystems 259,145,2003,https://www.skysystems259.com,True
FlyEngineering 260,169,2006,https://www.flyengineering260.com,True
GlobalCorp 261,137,1962,https://www.globalcorp261.com,True
GlobalWorks 262,797,1970,https://www.globalworks262.com,False
NovaIndustries 263,7,1950,https://www.novaindustries263.com,True
SkySolutions 264,909,1986,https://www.skysolutions264.com,True
NovaAviation 265,212,1968,https://www.novaaviation265.com,True
StarManufacturing 266,422,1980,https://www.starmanufacturing266.com,True
GlobalCorp 267,611,1973,https://www.globalcorp267.com,True
GlobalIndustries 268,643,1988,https://www.globalindustries268.com,True
AeroEngineering 269,242,1974,https://www.aeroengineering269.com,True
StarIndustries 270,634,1996,https://www.starindustries270.com,True
StarEngineering 271,225,2009,https://www.starengineering271.com,True
JetSystems 272,55,1974,https://www.jetsystems272.com,True
AirManufacturing 273,510,1972,https://www.airmanufacturing273.com,True
AeroCorp 274,661,1996,https://www.aerocorp274.com,True
TechSystems 275,343,2008,https://www.techsystems275.com,False
AeroEngineering 276,181,1970,https://www.aeroengineering276.com,True
NovaEngineering 277,119,1959,https://www.novaengineering277.com,True
NovaSolutions 278,594,1991,https://www.novasolutions278.com,True
FlyAerospace 279,798,1964,https://www.flyaerospace279.com,True
SkyAerospace 280,756,2002,https://www.skyaerospace280.com,True
TechAerospace 281,76,2010,https://www.techaerospace281.com,True
AeroWorks 282,149,1977,https://www.aeroworks282.com,True
NovaAviation 283,397,1997,https://www.novaaviation283.com,True
JetDynamics 284,999,1984,https://www.jetdynamics284.com,True
AirCorp 285,709,2022,https://www.aircorp285.com,False
AirIndustries 286,873,2009,https://www.airindustries286.com,True
AirDynamics 287,226,1987,https://www.airdynamics287.com,True
GlobalAviation 288,592,2020,https://www.globalaviation288.com,True
SkyWorks 289,878,2016,https://www.skyworks289.com,True
JetSolutions 290,485,2009,https://www.jetsolutions290.com,True
TechAerospace 291,254,1991,https://www.techaerospace291.com,True
JetSolutions 292,969,1969,https://www.jetsolutions292.com,True
AeroWorks 293,46,1955,https://www.aeroworks293.com,True
StarCorp 294,436,2017,https://www.starcorp294.com,True
SkyManufacturing 295,508,1980,https://www.skymanufacturing295.com,False
AeroWorks 296,973,1977,https://www.aeroworks296.com,True
WingAerospace 297,664,1961,https://www.wingaerospace297.com,False
WingAviation 298,721,2008,https://www.wingaviation298.com,True
GlobalCorp 299,1000,2008,https://www.globalcorp299.com,True
AirWorks 300,190,1997,https://www.airworks300.com,True
AeroIndustries 301,395,1992,https://www.aeroindustries301.com,True
WingWorks 302,771,1984,https://www.wingworks302.com,True
GlobalEngineering 303,590,1976,https://www.globalengineering303.com,True
SkySolutions 304,902,1992,https://www.skysolutions304.com,True
AeroEngineering 305,969,1996,https://www.aeroengineering305.com,True
SkyWorks 306,375,2009,https://www.skyworks306.com,True
FlyDynamics 307,180,2021,https://www.flydynamics307.com,True
StarAerospace 308,142,1992,https://www.staraerospace308.com,True
SkyManufacturing 309,756,2024,https://www.skymanufacturing309.com,True
JetAerospace 310,329,1995,https://www.jetaerospace310.com,True
StarWorks 311,284,1956,https://www.starworks311.com,False
FlyManufacturing 312,498,2014,https://www.flymanufacturing312.com,True
SkyManufacturing 313,727,2018,https://www.skymanufacturing313.com,True
StarSystems 314,463,1997,https://www.starsystems314.com,True
SkyAerospace 315,914,2008,https://www.skyaerospace315.com,False
TechAviation 316,296,1959,https://www.techaviation316.com,True
WingIndustries 317,714,1968,https://www.wingindustries317.com,True
JetEngineering 318,975,1952,https://www.jetengineering318.com,True
StarAviation 319,486,1994,https://www.staraviation319.com,True
AeroSystems 320,194,1958,https://www.aerosystems320.com,False
JetEngineering 321,661,1992,https://www.jetengineering321.com,True
FlyDynamics 322,498,2017,https://www.flydynamics322.com,True
NovaManufacturing 323,312,2022,https://www.novamanufacturing323.com,True
WingAviation 324,809,1983,https://www.wingaviation324.com,True
FlySystems 325,789,1956,https://www.flysystems325.com,True
WingManufacturing 326,980,1971,https://www.wingmanufacturing326.com,True
AirEngineering 327,293,1973,https://www.airengineering327.com,True
AirAviation 328,244,1964,https://www.airaviation328.com,False
FlySolutions 329,130,2006,https://www.flysolutions329.com,True
AirAerospace 330,576,1954,https://www.airaerospace330.com,True
FlyAviation 331,382,2007,https://www.flyaviation331.com,True
AirEngineering 332,309,1965,https://www.airengineering332.com,True
TechManufacturing 333,787,1968,https://www.techmanufacturing333.com,True
FlyAviation 334,5,2019,https://www.flyaviation334.com,True
FlySystems 335,486,1987,https://www.flysystems335.com,True
GlobalAviation 336,819,2022,https://www.globalaviation336.com,True
NovaDynamics 337,706,1964,https://www.novadynamics337.com,True
AeroAviation 338,695,2020,https://www.aeroaviation338.com,True
AeroWorks 339,633,1978,https://www.aeroworks339.com,True
SkyDynamics 340,57,1974,https://www.skydynamics340.com,True
JetSystems 341,201,1952,https://www.jetsystems341.com,False
NovaIndustries 342,1000,2015,https://www.novaindustries342.com,True
NovaDynamics 343,618,2015,https://www.novadynamics343.com,True
FlyWorks 344,152,2004,https://www.flyworks344.com,True
FlyCorp 345,292,1994,https://www.flycorp345.com,True
NovaEngineering 346,90,1977,https://www.novaengineering346.com,True
NovaWorks 347,823,2006,https://www.novaworks347.com,True
TechWorks 348,143,1961,https://www.techworks348.com,True
WingManufacturing 349,889,2017,https://www.wingmanufacturing349.com,True
SkySolutions 350,775,1998,https://www.skysolutions350.com,False
TechSystems 351,425,1972,https://www.techsystems351.com,True
GlobalAviation 352,205,1973,https://www.globalaviation352.com,True
WingEngineering 353,503,1955,https://www.wingengineering353.com,True
WingSolutions 354,312,2013,https://www.wingsolutions354.com,True
NovaAerospace 355,28,1950,https://www.novaaerospace355.com,True
WingManufacturing 356,128,1986,https://www.wingmanufacturing356.com,True
NovaAerospace 357,30,1965,https://www.novaaerospace357.com,True
NovaIndustries 358,614,1996,https://www.novaindustries358.com,True
GlobalWorks 359,890,1983,https://www.globalworks359.com,True
NovaIndustries 360,383,2015,https://www.novaindustries360.com,True
AeroSystems 361,167,2024,https://www.aerosystems361.com,False
FlyManufacturing 362,900,1967,https://www.flymanufacturing362.com,True
AeroSystems 363,370,2003,https://www.aerosystems363.com,True
FlyCorp 364,297,1987,https://www.flycorp364.com,True
SkyEngineering 365,199,1973,https://www.skyengineering365.com,True
GlobalAviation 366,557,1991,https://www.globalaviation366.com,True
WingSystems 367,702,1996,https://www.wingsystems367.com,False
GlobalDynamics 368,844,1968,https://www.globaldynamics368.com,False
StarSystems 369,382,2012,https://www.starsystems369.com,True
AirIndustries 370,224,1969,https://www.airindustries370.com,True
JetEngineering 371,629,2017,https://www.jetengineering371.com,True
StarIndustries 372,428,2008,https://www.starindustries372.com,True
SkyAviation 373,946,1952,https://www.skyaviation373.com,True
WingDynamics 374,143,2006,https://www.wingdynamics374.com,True
GlobalEngineering 375,782,1993,https://www.globalengineering375.com,True
WingCorp 376,763,1965,https://www.wingcorp376.com,True
AirAerospace 377,315,1966,https://www.airaerospace377.com,True
SkyWorks 378,708,1964,https://www.skyworks378.com,False
NovaWorks 379,44,1975,https://www.novaworks379.com,True
StarSolutions 380,61,2010,https://www.starsolutions380.com,True
WingCorp 381,68,1988,https://www.wingcorp381.com,True
SkyIndustries 382,943,1976,https://www.skyindustries382.com,True
JetAviation 383,687,1994,https://www.jetaviation383.com,False
AirSystems 384,972,2024,https://www.airsystems384.com,True
AirEngineering 385,800,1980,https://www.airengineering385.com,True
SkyIndustries 386,840,2024,https://www.skyindustries386.com,True
StarAerospace 387,733,1974,https://www.staraerospace387.com,True
AirEngineering 388,5,1962,https://www.airengineering388.com,True
StarManufacturing 389,376,1973,https://www.starmanufacturing389.com,True
SkyAviation 390,855,1995,https://www.skyaviation390.com,True
TechAerospace 391,527,1979,https://www.techaerospace391.com,True
FlyIndustries 392,478,1964,https://www.flyindustries392.com,True
NovaDynamics 393,722,1986,https://www.novadynamics393.com,True
AeroIndustries 394,336,2013,https://www.aeroindustries394.com,True
WingManufacturing 395,615,1989,https://www.wingmanufacturing395.com,True
NovaAerospace 396,568,2002,https://www.novaaerospace396.com,True
TechAerospace 397,878,1958,https://www.techaerospace397.com,True
NovaDynamics 398,184,1951,https://www.novadynamics398.com,True
NovaIndustries 399,406,2006,https://www.novaindustries399.com,True
SkyIndustries 400,147,2000,https://www.skyindustries400.com,True
GlobalIndustries 401,760,1971,https://www.globalindustries401.com,False
JetDynamics 402,206,2001,https://www.jetdynamics402.com,True
TechManufacturing 403,286,2024,https://www.techmanufacturing403.com,True
TechDynamics 404,488,2001,https://www.techdynamics404.com,True
StarSystems 405,151,2008,https://www.starsystems405.com,True
WingManufacturing 406,510,1979,https://www.wingmanufacturing406.com,True
AirCorp 407,102,1956,https://www.aircorp407.com,True
NovaCorp 408,996,1972,https://www.novacorp408.com,True
FlyAviation 409,311,1962,https://www.flyaviation409.com,True
StarManufacturing 410,812,2009,https://www.starmanufacturing410.com,True
NovaManufacturing 411,517,1983,https://www.novamanufacturing411.com,True
StarEngineering 412,19,1954,https://www.starengineering412.com,True
SkyWorks 413,461,1990,https://www.skyworks413.com,True
NovaManufacturing 414,37,1954,https://www.novamanufacturing414.com,True
WingAviation 415,504,2005,https://www.wingaviation415.com,True
TechManufacturing 416,783,1964,https://www.techmanufacturing416.com,True
NovaEngineering 417,702,2019,https://www.novaengineering417.com,True
NovaEngineering 418,875,1970,https://www.novaengineering418.com,True
TechSystems 419,507,1998,https://www.techsystems419.com,True
FlySystems 420,329,1957,https://www.flysystems420.com,False
AeroAviation 421,858,1996,https://www.aeroaviation421.com,True
GlobalCorp 422,784,1993,https://www.globalcorp422.com,True
TechDynamics 423,366,2002,https://www.techdynamics423.com,True
JetAerospace 424,241,1989,https://www.jetaerospace424.com,True
SkySystems 425,118,1993,https://www.skysystems425.com,True
StarDynamics 426,39,2008,https://www.stardynamics426.com,True
TechSolutions 427,528,2003,https://www.techsolutions427.com,True
NovaSolutions 428,23,1990,https://www.novasolutions428.com,True
TechDynamics 429,587,1962,https://www.techdynamics429.com,True
SkyAerospace 430,345,2013,https://www.skyaerospace430.com,True
FlyAviation 431,630,1988,https://www.flyaviation431.com,True
TechAerospace 432,509,1959,https://www.techaerospace432.com,True
StarAerospace 433,295,1983,https://www.staraerospace433.com,False
GlobalWorks 434,824,1978,https://www.globalworks434.com,True
SkySolutions 435,98,1993,https://www.skysolutions435.com,True
GlobalEngineering 436,487,2004,https://www.globalengineering436.com,True
SkySystems 437,517,1988,https://www.skysystems437.com,True
StarDynamics 438,205,2003,https://www.stardynamics438.com,True
GlobalEngineering 439,465,2020,https://www.globalengineering439.com,True
AeroEngineering 440,884,1973,https://www.aeroengineering440.com,True
JetManufacturing 441,275,2018,https://www.jetmanufacturing441.com,True
TechSolutions 442,745,1957,https://www.techsolutions442.com,True
FlyManufacturing 443,152,1980,https://www.flymanufacturing443.com,True
WingWorks 444,421,1990,https://www.wingworks444.com,True
SkyAerospace 445,867,2002,https://www.skyaerospace445.com,True
WingAviation 446,263,1980,https://www.wingaviation446.com,True
SkyAviation 447,197,1953,https://www.skyaviation447.com,True
WingManufacturing 448,498,2021,https://www.wingmanufacturing448.com,True
TechCorp 449,207,1970,https://www.techcorp449.com,True
AeroSystems 450,809,1985,https://www.aerosystems450.com,True
AirCorp 451,987,2012,https://www.aircorp451.com,True
AeroIndustries 452,322,1988,https://www.aeroindustries452.com,True
TechDynamics 453,688,1961,https://www.techdynamics453.com,True
AirAerospace 454,115,2023,https://www.airaerospace454.com,True
SkyEngineering 455,681,2024,https://www.skyengineering455.com,True
StarSystems 456,509,1961,https://www.starsystems456.com,True
SkyDynamics 457,338,2024,https://www.skydynamics457.com,True
JetWorks 458,224,1968,https://www.jetworks458.com,True
JetSystems 459,451,2002,https://www.jetsystems459.com,True
GlobalCorp 460,503,2018,https://www.globalcorp460.com,True
SkyDynamics 461,559,2004,https://www.skydynamics461.com,True
JetSystems 462,901,1968,https://www.jetsystems462.com,True
FlySystems 463,22,1954,https://www.flysystems463.com,True
AeroAerospace 464,260,2020,https://www.aeroaerospace464.com,True
FlyIndustries 465,548,1980,https://www.flyindustries465.com,True
TechCorp 466,932,2000,https://www.techcorp466.com,True
WingSystems 467,93,1980,https://www.wingsystems467.com,True
AirManufacturing 468,647,1990,https://www.airmanufacturing468.com,True
TechCorp 469,281,1960,https://www.techcorp469.com,True
NovaManufacturing 470,755,2002,https://www.novamanufacturing470.com,True
FlyWorks 471,898,1962,https://www.flyworks471.com,True
WingEngineering 472,68,1995,https://www.wingengineering472.com,True
StarDynamics 473,465,1953,https://www.stardynamics473.com,True
AirManufacturing 474,811,1967,https://www.airmanufacturing474.com,False
JetSystems 475,322,2023,https://www.jetsystems475.com,False
AirAerospace 476,529,1966,https://www.airaerospace476.com,True
TechDynamics 477,463,2011,https://www.techdynamics477.com,True
AirSystems 478,178,1991,https://www.airsystems478.com,True
JetIndustries 479,425,1997,https://www.jetindustries479.com,True
TechSolutions 480,230,1952,https://www.techsolutions480.com,True
StarSolutions 481,642,1979,https://www.starsolutions481.com,True
NovaAerospace 482,269,1971,https://www.novaaerospace482.com,False
GlobalWorks 483,615,1983,https://www.globalworks483.com,True
FlyAviation 484,970,2022,https://www.flyaviation484.com,True
StarWorks 485,792,2008,https://www.starworks485.com,True
NovaIndustries 486,230,1976,https://www.novaindustries486.com,True
WingSystems 487,765,2013,https://www.wingsystems487.com,True
TechAerospace 488,615,1977,https://www.techaerospace488.com,True
WingAerospace 489,429,1973,https://www.wingaerospace489.com,True
AirCorp 490,298,1983,https://www.aircorp490.com,True
NovaAerospace 491,379,2024,https://www.novaaerospace491.com,True
NovaIndustries 492,11,2010,https://www.novaindustries492.com,True
FlyWorks 493,704,1977,https://www.flyworks493.com,True
TechSolutions 494,263,1959,https://www.techsolutions494.com,False
AeroCorp 495,341,1980,https://www.aerocorp495.com,True
FlySolutions 496,962,1955,https://www.flysolutions496.com,False
StarSolutions 497,391,1988,https://www.starsolutions497.com,True
FlyAviation 498,992,2021,https://www.flyaviation498.com,False
AirSystems 499,174,2014,https://www.airsystems499.com,True
FlyManufacturing 500,136,1961,https://www.flymanufacturing500.com,True
StarWorks 501,146,1983,https://www.starworks501.com,True
AeroAviation 502,512,1985,https://www.aeroaviation502.com,True
TechSystems 503,925,1983,https://www.techsystems503.com,True
WingEngineering 504,321,2005,https://www.wingengineering504.com,True
FlyManufacturing 505,783,1969,https://www.flymanufacturing505.com,True
NovaCorp 506,194,1969,https://www.novacorp506.com,False
AirCorp 507,482,1983,https://www.aircorp507.com,True
NovaWorks 508,119,2013,https://www.novaworks508.com,False
FlyEngineering 509,497,2008,https://www.flyengineering509.com,True
AirIndustries 510,358,1961,https://www.airindustries510.com,True
WingAviation 511,855,1971,https://www.wingaviation511.com,True
WingSolutions 512,913,2024,https://www.wingsolutions512.com,True
AeroEngineering 513,786,2023,https://www.aeroengineering513.com,True
SkyAerospace 514,787,2013,https://www.skyaerospace514.com,True
FlyCorp 515,292,1965,https://www.flycorp515.com,True
GlobalIndustries 516,858,1991,https://www.globalindustries516.com,True
SkyManufacturing 517,851,2011,https://www.skymanufacturing517.com,True
WingSolutions 518,674,1950,https://www.wingsolutions518.com,True
AeroSolutions 519,974,2007,https://www.aerosolutions519.com,True
GlobalAviation 520,217,1956,https://www.globalaviation520.com,True
WingDynamics 521,818,1957,https://www.wingdynamics521.com,True
StarSolutions 522,391,1961,https://www.starsolutions522.com,True
AirAerospace 523,989,2001,https://www.airaerospace523.com,False
JetAviation 524,398,2001,https://www.jetaviation524.com,True
AirIndustries 525,306,2012,https://www.airindustries525.com,True
WingSolutions 526,135,1995,https://www.wingsolutions526.com,True
FlyEngineering 527,205,2012,https://www.flyengineering527.com,True
TechManufacturing 528,275,2022,https://www.techmanufacturing528.com,True
SkyWorks 529,831,1997,https://www.skyworks529.com,True
TechWorks 530,96,1955,https://www.techworks530.com,True
NovaAerospace 531,664,1969,https://www.novaaerospace531.com,True
StarEngineering 532,86,1987,https://www.starengineering532.com,True
SkyManufacturing 533,308,1969,https://www.skymanufacturing533.com,True
WingAerospace 534,536,2004,https://www.wingaerospace534.com,True
AeroEngineering 535,79,1955,https://www.aeroengineering535.com,True
StarWorks 536,423,1962,https://www.starworks536.com,True
GlobalSystems 537,364,1982,https://www.globalsystems537.com,True
StarCorp 538,117,2009,https://www.starcorp538.com,True
AirWorks 539,47,1960,https://www.airworks539.com,True
WingDynamics 540,602,2008,https://www.wingdynamics540.com,True
NovaSolutions 541,828,1983,https://www.novasolutions541.com,True
AirAerospace 542,190,1960,https://www.airaerospace542.com,True
GlobalSystems 543,893,1963,https://www.globalsystems543.com,True
AeroCorp 544,405,1964,https://www.aerocorp544.com,False
NovaManufacturing 545,709,2001,https://www.novamanufacturing545.com,True
GlobalManufacturing 546,311,1996,https://www.globalmanufacturing546.com,True
TechSystems 547,90,1966,https://www.techsystems547.com,True
JetIndustries 548,836,1952,https://www.jetindustries548.com,True
JetCorp 549,215,2011,https://www.jetcorp549.com,True
JetWorks 550,863,2018,https://www.jetworks550.com,True
WingManufacturing 551,152,2010,https://www.wingmanufacturing551.com,True
SkyAviation 552,925,1969,https://www.skyaviation552.com,True
NovaManufacturing 553,483,1952,https://www.novamanufacturing553.com,True
GlobalAerospace 554,207,1987,https://www.globalaerospace554.com,True
TechCorp 555,342,1951,https://www.techcorp555.com,True
TechWorks 556,869,2013,https://www.techworks556.com,True
GlobalEngineering 557,298,1954,https://www.globalengineering557.com,True
NovaEngineering 558,606,2012,https://www.novaengineering558.com,True
AeroEngineering 559,20,2004,https://www.aeroengineering559.com,True
StarIndustries 560,275,2003,https://www.starindustries560.com,True
SkyManufacturing 561,638,1994,https://www.skymanufacturing561.com,True
TechCorp 562,166,1986,https://www.techcorp562.com,True
NovaDynamics 563,449,1979,https://www.novadynamics563.com,True
GlobalDynamics 564,944,2009,https://www.globaldynamics564.com,True
WingWorks 565,983,2003,https://www.wingworks565.com,True
FlyManufacturing 566,819,1970,https://www.flymanufacturing566.com,True
WingIndustries 567,684,2011,https://www.wingindustries567.com,True
JetAviation 568,621,2012,https://www.jetaviation568.com,True
TechManufacturing 569,311,1980,https://www.techmanufacturing569.com,True
AeroCorp 570,368,1983,https://www.aerocorp570.com,True
AirAviation 571,848,2014,https://www.airaviation571.com,False
SkyDynamics 572,441,1964,https://www.skydynamics572.com,True
SkyEngineering 573,230,2012,https://www.skyengineering573.com,True
FlyDynamics 574,788,1955,https://www.flydynamics574.com,True
StarSystems 575,918,1969,https://www.starsystems575.com,True
StarSolutions 576,686,1963,https://www.starsolutions576.com,True
NovaManufacturing 577,986,1964,https://www.novamanufacturing577.com,True
GlobalSolutions 578,801,1963,https://www.globalsolutions578.com,True
AeroEngineering 579,108,1971,https://www.aeroengineering579.com,True
JetDynamics 580,161,1987,https://www.jetdynamics580.com,True
StarManufacturing 581,751,1962,https://www.starmanufacturing581.com,True
FlyDynamics 582,839,1967,https://www.flydynamics582.com,True
JetManufacturing 583,993,2003,https://www.jetmanufacturing583.com,True
AeroAerospace 584,855,2010,https://www.aeroaerospace584.com,True
StarAviation 585,88,1984,https://www.staraviation585.com,True
TechDynamics 586,645,1981,https://www.techdynamics586.com,True
StarWorks 587,807,1979,https://www.starworks587.com,True
TechWorks 588,941,2002,https://www.techworks588.com,True
StarDynamics 589,967,1953,https://www.stardynamics589.com,True
AeroEngineering 590,967,1958,https://www.aeroengineering590.com,False
FlyWorks 591,791,1971,https://www.flyworks591.com,True
TechCorp 592,677,1969,https://www.techcorp592.com,True
AeroEngineering 593,997,1987,https://www.aeroengineering593.com,True
StarSystems 594,739,1990,https://www.starsystems594.com,True
AeroSystems 595,922,2017,https://www.aerosystems595.com,True
AirWorks 596,457,1976,https://www.airworks596.com,True
GlobalSolutions 597,668,2006,https://www.globalsolutions597.com,True
TechAerospace 598,903,1988,https://www.techaerospace598.com,False
StarDynamics 599,400,1966,https://www.stardynamics599.com,True
StarSystems 600,219,1961,https://www.starsystems600.com,True
WingEngineering 601,349,1970,https://www.wingengineering601.com,False
StarSolutions 602,265,1980,https://www.starsolutions602.com,True
WingWorks 603,518,1964,https://www.wingworks603.com,True
FlySystems 604,643,2014,https://www.flysystems604.com,True
AeroIndustries 605,460,1988,https://www.aeroindustries605.com,True
AeroManufacturing 606,348,1980,https://www.aeromanufacturing606.com,True
GlobalSolutions 607,732,2018,https://www.globalsolutions607.com,True
JetDynamics 608,307,1986,https://www.jetdynamics608.com,True
GlobalAviation 609,732,1998,https://www.globalaviation609.com,True
JetIndustries 610,336,2016,https://www.jetindustries610.com,True
FlyManufacturing 611,101,1968,https://www.flymanufacturing611.com,True
TechIndustries 612,95,1957,https://www.techindustries612.com,True
AirManufacturing 613,220,2007,https://www.airmanufacturing613.com,False
StarWorks 614,603,2021,https://www.starworks614.com,True
TechSystems 615,599,2013,https://www.techsystems615.com,True
NovaManufacturing 616,750,2003,https://www.novamanufacturing616.com,True
AirEngineering 617,131,2012,https://www.airengineering617.com,True
AirEngineering 618,884,2017,https://www.airengineering618.com,True
JetManufacturing 619,485,1954,https://www.jetmanufacturing619.com,True
StarDynamics 620,944,1965,https://www.stardynamics620.com,True
TechIndustries 621,124,1997,https://www.techindustries621.com,True
AeroEngineering 622,157,1965,https://www.aeroengineering622.com,True
FlySystems 623,302,2012,https://www.flysystems623.com,False
AirAviation 624,803,2003,https://www.airaviation624.com,False
WingSystems 625,221,1973,https://www.wingsystems625.com,True
NovaCorp 626,126,2020,https://www.novacorp626.com,True
AeroWorks 627,493,2023,https://www.aeroworks627.com,True
NovaDynamics 628,801,1998,https://www.novadynamics628.com,True
GlobalAviation 629,781,1967,https://www.globalaviation629.com,True
NovaManufacturing 630,684,2007,https://www.novamanufacturing630.com,True
FlyIndustries 631,820,2002,https://www.flyindustries631.com,True
TechDynamics 632,554,1955,https://www.techdynamics632.com,True
NovaSystems 633,662,1961,https://www.novasystems633.com,True
AeroSolutions 634,646,1989,https://www.aerosolutions634.com,True
SkyEngineering 635,88,1974,https://www.skyengineering635.com,True
StarSolutions 636,776,1956,https://www.starsolutions636.com,True
StarAerospace 637,769,2010,https://www.staraerospace637.com,True
AeroIndustries 638,675,2018,https://www.aeroindustries638.com,True
AeroSystems 639,806,1976,https://www.aerosystems639.com,True
GlobalManufacturing 640,87,2018,https://www.globalmanufacturing640.com,True
TechSolutions 641,47,2012,https://www.techsolutions641.com,True
AeroDynamics 642,448,1973,https://www.aerodynamics642.com,True
StarDynamics 643,392,1982,https://www.stardynamics643.com,False
SkyEngineering 644,173,1986,https://www.skyengineering644.com,True
WingIndustries 645,158,1989,https://www.wingindustries645.com,True
AirCorp 646,630,1991,https://www.aircorp646.com,True
AeroSystems 647,400,1962,https://www.aerosystems647.com,True
TechDynamics 648,265,1998,https://www.techdynamics648.com,True
SkyCorp 649,208,1980,https://www.skycorp649.com,True
GlobalAerospace 650,505,2015,https://www.globalaerospace650.com,True
TechIndustries 651,276,1957,https://www.techindustries651.com,True
StarWorks 652,68,2011,https://www.starworks652.com,False
JetCorp 653,276,2020,https://www.jetcorp653.com,True
SkyAerospace 654,782,2021,https://www.skyaerospace654.com,True
AirSystems 655,582,2002,https://www.airsystems655.com,True
StarAerospace 656,802,1968,https://www.staraerospace656.com,True
AirAerospace 657,551,2004,https://www.airaerospace657.com,True
StarManufacturing 658,43,1950,https://www.starmanufacturing658.com,True
GlobalSystems 659,669,1971,https://www.globalsystems659.com,False
NovaSystems 660,613,1982,https://www.novasystems660.com,True
TechDynamics 661,863,1977,https://www.techdynamics661.com,True
StarSystems 662,47,1970,https://www.starsystems662.com,True
GlobalIndustries 663,308,1961,https://www.globalindustries663.com,True
SkyAviation 664,743,2021,https://www.skyaviation664.com,True
TechAerospace 665,626,2014,https://www.techaerospace665.com,True
FlyDynamics 666,651,1983,https://www.flydynamics666.com,True
NovaSystems 667,252,1991,https://www.novasystems667.com,True
NovaSolutions 668,337,1952,https://www.novasolutions668.com,True
AirCorp 669,624,2010,https://www.aircorp669.com,False
AeroAviation 670,424,2021,https://www.aeroaviation670.com,True
NovaWorks 671,552,1960,https://www.novaworks671.com,True
SkyEngineering 672,32,2006,https://www.skyengineering672.com,True
FlyWorks 673,848,1995,https://www.flyworks673.com,True
AeroIndustries 674,474,1997,https://www.aeroindustries674.com,True
NovaCorp 675,227,1952,https://www.novacorp675.com,True
FlyAerospace 676,93,1988,https://www.flyaerospace676.com,True
JetAerospace 677,506,1996,https://www.jetaerospace677.com,False
NovaSolutions 678,215,1950,https://www.novasolutions678.com,True
TechIndustries 679,891,1985,https://www.techindustries679.com,True
NovaAviation 680,566,1974,https://www.novaaviation680.com,True
GlobalSolutions 681,579,1972,https://www.globalsolutions681.com,False
AirIndustries 682,131,1983,https://www.airindustries682.com,True
JetEngineering 683,747,1985,https://www.jetengineering683.com,True
AeroEngineering 684,630,1982,https://www.aeroengineering684.com,True
NovaCorp 685,961,2004,https://www.novacorp685.com,True
AeroDynamics 686,443,2002,https://www.aerodynamics686.com,True
StarManufacturing 687,508,1996,https://www.starmanufacturing687.com,True
AeroAerospace 688,49,1985,https://www.aeroaerospace688.com,True
StarManufacturing 689,324,1950,https://www.starmanufacturing689.com,True
FlyIndustries 690,902,2023,https://www.flyindustries690.com,True
JetWorks 691,981,1959,https://www.jetworks691.com,True
JetAviation 692,338,1989,https://www.jetaviation692.com,False
SkyCorp 693,492,2005,https://www.skycorp693.com,True
GlobalDynamics 694,861,1982,https://www.globaldynamics694.com,True
NovaAerospace 695,982,1993,https://www.novaaerospace695.com,True
FlyEngineering 696,814,1980,https://www.flyengineering696.com,True
GlobalSolutions 697,450,1962,https://www.globalsolutions697.com,True
GlobalIndustries 698,88,1957,https://www.globalindustries698.com,True
TechDynamics 699,912,1958,https://www.techdynamics699.com,True
AeroManufacturing 700,57,1988,https://www.aeromanufacturing700.com,True
TechIndustries 701,105,1957,https://www.techindustries701.com,True
WingWorks 702,412,1962,https://www.wingworks702.com,True
TechAerospace 703,886,1951,https://www.techaerospace703.com,True
NovaWorks 704,902,1962,https://www.novaworks704.com,True
AeroManufacturing 705,530,1992,https://www.aeromanufacturing705.com,True
SkyIndustries 706,13,1958,https://www.skyindustries706.com,True
JetSolutions 707,130,2015,https://www.jetsolutions707.com,True
TechManufacturing 708,743,2006,https://www.techmanufacturing708.com,True
AirCorp 709,62,1966,https://www.aircorp709.com,True
TechEngineering 710,983,1995,https://www.techengineering710.com,True
StarAviation 711,151,2010,https://www.staraviation711.com,True
FlySystems 712,378,1951,https://www.flysystems712.com,True
AirCorp 713,244,2014,https://www.aircorp713.com,True
StarCorp 714,433,1994,https://www.starcorp714.com,True
JetAerospace 715,805,1958,https://www.jetaerospace715.com,True
NovaManufacturing 716,615,1992,https://www.novamanufacturing716.com,True
GlobalDynamics 717,631,1988,https://www.globaldynamics717.com,True
AirIndustries 718,466,1955,https://www.airindustries718.com,True
AeroAerospace 719,710,1979,https://www.aeroaerospace719.com,True
JetAerospace 720,493,1992,https://www.jetaerospace720.com,True
TechAerospace 721,410,1973,https://www.techaerospace721.com,True
AeroDynamics 722,11,1959,https://www.aerodynamics722.com,True
StarIndustries 723,146,1987,https://www.starindustries723.com,True
GlobalDynamics 724,45,1953,https://www.globaldynamics724.com,True
WingAviation 725,225,1983,https://www.wingaviation725.com,True
FlyEngineering 726,252,1972,https://www.flyengineering726.com,True
AirSystems 727,933,1962,https://www.airsystems727.com,False
AirWorks 728,671,1964,https://www.airworks728.com,True
JetSystems 729,468,1980,https://www.jetsystems729.com,True
FlyAviation 730,964,2017,https://www.flyaviation730.com,True
GlobalWorks 731,900,1958,https://www.globalworks731.com,True
AirAerospace 732,197,2018,https://www.airaerospace732.com,True
FlyDynamics 733,614,2004,https://www.flydynamics733.com,True
JetCorp 734,782,1974,https://www.jetcorp734.com,True
WingAviation 735,336,1981,https://www.wingaviation735.com,False
WingAviation 736,872,2015,https://www.wingaviation736.com,True
NovaAerospace 737,745,1960,https://www.novaaerospace737.com,True
GlobalIndustries 738,172,2015,https://www.globalindustries738.com,True
StarDynamics 739,511,2016,https://www.stardynamics739.com,True
FlyDynamics 740,539,2011,https://www.flydynamics740.com,True
NovaManufacturing 741,275,2024,https://www.novamanufacturing741.com,True
GlobalCorp 742,213,1978,https://www.globalcorp742.com,True
NovaAerospace 743,406,1977,https://www.novaaerospace743.com,True
TechSolutions 744,161,1997,https://www.techsolutions744.com,True
SkyAviation 745,770,1960,https://www.skyaviation745.com,True
StarDynamics 746,236,2024,https://www.stardynamics746.com,False
StarSolutions 747,345,2004,https://www.starsolutions747.com,True
TechWorks 748,377,2013,https://www.techworks748.com,True
TechCorp 749,184,2006,https://www.techcorp749.com,True
SkyDynamics 750,924,1960,https://www.skydynamics750.com,True
StarEngineering 751,560,1960,https://www.starengineering751.com,True
JetIndustries 752,122,1959,https://www.jetindustries752.com,True
StarAerospace 753,342,1975,https://www.staraerospace753.com,True
WingSystems 754,764,1985,https://www.wingsystems754.com,True
GlobalAviation 755,876,2019,https://www.globalaviation755.com,True
AeroSystems 756,289,1994,https://www.aerosystems756.com,True
TechWorks 757,842,2024,https://www.techworks757.com,True
AeroManufacturing 758,670,2015,https://www.aeromanufacturing758.com,True
AirWorks 759,234,1979,https://www.airworks759.com,True
JetManufacturing 760,240,2016,https://www.jetmanufacturing760.com,True
StarManufacturing 761,740,2009,https://www.starmanufacturing761.com,True
SkyDynamics 762,867,1974,https://www.skydynamics762.com,True
TechAerospace 763,450,2007,https://www.techaerospace763.com,True
AeroDynamics 764,143,2023,https://www.aerodynamics764.com,True
WingCorp 765,512,1995,https://www.wingcorp765.com,True
TechWorks 766,703,2001,https://www.techworks766.com,True
StarSystems 767,334,1952,https://www.starsystems767.com,True
AeroAviation 768,158,1992,https://www.aeroaviation768.com,True
GlobalSolutions 769,588,2000,https://www.globalsolutions769.com,True
JetWorks 770,66,2018,https://www.jetworks770.com,True
NovaIndustries 771,337,2022,https://www.novaindustries771.com,True
WingIndustries 772,176,1963,https://www.wingindustries772.com,True
AirCorp 773,847,2012,https://www.aircorp773.com,False
JetIndustries 774,934,1999,https://www.jetindustries774.com,True
JetSystems 775,676,2017,https://www.jetsystems775.com,False
AeroDynamics 776,531,1951,https://www.aerodynamics776.com,True
TechWorks 777,161,1964,https://www.techworks777.com,True
TechManufacturing 778,761,1958,https://www.techmanufacturing778.com,True
JetAviation 779,892,1976,https://www.jetaviation779.com,True
NovaAviation 780,619,2023,https://www.novaaviation780.com,True
GlobalAerospace 781,515,2008,https://www.globalaerospace781.com,True
AeroAviation 782,457,1958,https://www.aeroaviation782.com,True
GlobalAerospace 783,539,1992,https://www.globalaerospace783.com,True
NovaManufacturing 784,474,2023,https://www.novamanufacturing784.com,False
SkySystems 785,662,2008,https://www.skysystems785.com,True
WingWorks 786,628,1972,https://www.wingworks786.com,True
AirSolutions 787,751,2005,https://www.airsolutions787.com,True
AirSolutions 788,98,2000,https://www.airsolutions788.com,True
AeroAerospace 789,907,1970,https://www.aeroaerospace789.com,True
StarSystems 790,683,1958,https://www.starsystems790.com,True
JetManufacturing 791,422,2020,https://www.jetmanufacturing791.com,True
FlyIndustries 792,774,1963,https://www.flyindustries792.com,True
FlyWorks 793,462,1971,https://www.flyworks793.com,True
StarCorp 794,474,1953,https://www.starcorp794.com,False
NovaWorks 795,352,2001,https://www.novaworks795.com,True
TechCorp 796,11,1982,https://www.techcorp796.com,True
AirDynamics 797,687,2009,https://www.airdynamics797.com,True
SkyIndustries 798,562,1981,https://www.skyindustries798.com,True
NovaAviation 799,483,1985,https://www.novaaviation799.com,True
AirCorp 800,622,1962,https://www.aircorp800.com,True
SkyEngineering 801,760,2000,https://www.skyengineering801.com,True
AeroSystems 802,158,2006,https://www.aerosystems802.com,True
JetCorp 803,915,2018,https://www.jetcorp803.com,True
AeroEngineering 804,657,1963,https://www.aeroengineering804.com,True
WingManufacturing 805,54,1950,https://www.wingmanufacturing805.com,False
TechAerospace 806,952,1981,https://www.techaerospace806.com,True
JetAerospace 807,94,1952,https://www.jetaerospace807.com,True
AeroDynamics 808,841,1974,https://www.aerodynamics808.com,True
SkyAerospace 809,982,1962,https://www.skyaerospace809.com,True
AirAviation 810,46,2003,https://www.airaviation810.com,True
FlyDynamics 811,576,1974,https://www.flydynamics811.com,True
StarWorks 812,962,2004,https://www.starworks812.com,True
JetIndustries 813,366,1991,https://www.jetindustries813.com,True
TechDynamics 814,13,1999,https://www.techdynamics814.com,True
JetIndustries 815,674,1985,https://www.jetindustries815.com,True
FlyCorp 816,69,1977,https://www.flycorp816.com,True
GlobalManufacturing 817,105,2018,https://www.globalmanufacturing817.com,True
GlobalAviation 818,258,1962,https://www.globalaviation818.com,True
TechAviation 819,341,1972,https://www.techaviation819.com,True
FlyManufacturing 820,70,1992,https://www.flymanufacturing820.com,False
GlobalManufacturing 821,392,2015,https://www.globalmanufacturing821.com,True
JetEngineering 822,602,1951,https://www.jetengineering822.com,True
GlobalIndustries 823,317,1980,https://www.globalindustries823.com,True
JetSolutions 824,82,1957,https://www.jetsolutions824.com,True
NovaSystems 825,207,1969,https://www.novasystems825.com,True
AeroAerospace 826,946,2006,https://www.aeroaerospace826.com,True
FlyAviation 827,285,1990,https://www.flyaviation827.com,True
AeroEngineering 828,811,2003,https://www.aeroengineering828.com,True
WingCorp 829,235,1992,https://www.wingcorp829.com,True
JetEngineering 830,56,1981,https://www.jetengineering830.com,True
JetSolutions 831,894,1998,https://www.jetsolutions831.com,True
AirManufacturing 832,645,1950,https://www.airmanufacturing832.com,False
NovaIndustries 833,977,1974,https://www.novaindustries833.com,False
AirAerospace 834,129,1961,https://www.airaerospace834.com,True
StarAerospace 835,242,2014,https://www.staraerospace835.com,False
NovaSystems 836,169,1975,https://www.novasystems836.com,True
AirSolutions 837,255,1988,https://www.airsolutions837.com,True
NovaAerospace 838,279,2011,https://www.novaaerospace838.com,False
FlyWorks 839,387,1971,https://www.flyworks839.com,True
TechEngineering 840,625,2005,https://www.techengineering840.com,True
NovaCorp 841,781,1998,https://www.novacorp841.com,True
SkySystems 842,610,2018,https://www.skysystems842.com,True
AirSystems 843,390,2009,https://www.airsystems843.com,True
WingWorks 844,576,2011,https://www.wingworks844.com,False
AirManufacturing 845,201,1969,https://www.airmanufacturing845.com,True
AeroCorp 846,883,2014,https://www.aerocorp846.com,True
FlyManufacturing 847,415,2003,https://www.flymanufacturing847.com,True
FlyWorks 848,502,1989,https://www.flyworks848.com,True
GlobalIndustries 849,419,1954,https://www.globalindustries849.com,True
SkyWorks 850,955,2022,https://www.skyworks850.com,True
TechSystems 851,790,1994,https://www.techsystems851.com,True
NovaDynamics 852,714,1957,https://www.novadynamics852.com,True
TechAerospace 853,249,2011,https://www.techaerospace853.com,False
FlyCorp 854,715,1968,https://www.flycorp854.com,True
NovaAviation 855,261,1981,https://www.novaaviation855.com,True
AirCorp 856,120,1961,https://www.aircorp856.com,True
TechWorks 857,724,1960,https://www.techworks857.com,True
JetWorks 858,170,2004,https://www.jetworks858.com,True
WingEngineering 859,991,2018,https://www.wingengineering859.com,True
TechSolutions 860,316,2002,https://www.techsolutions860.com,True
SkyIndustries 861,652,2023,https://www.skyindustries861.com,True
FlyAviation 862,276,1976,https://www.flyaviation862.com,True
TechSystems 863,7,1971,https://www.techsystems863.com,True
AeroIndustries 864,72,2003,https://www.aeroindustries864.com,True
WingWorks 865,175,1972,https://www.wingworks865.com,True
AirAerospace 866,499,1973,https://www.airaerospace866.com,True
SkyManufacturing 867,581,1977,https://www.skymanufacturing867.com,True
AeroAviation 868,829,1974,https://www.aeroaviation868.com,True
TechManufacturing 869,642,1963,https://www.techmanufacturing869.com,True
AirIndustries 870,301,1960,https://www.airindustries870.com,True
WingIndustries 871,351,1953,https://www.wingindustries871.com,True
NovaManufacturing 872,689,1962,https://www.novamanufacturing872.com,False
WingCorp 873,682,2024,https://www.wingcorp873.com,True
AeroIndustries 874,217,2016,https://www.aeroindustries874.com,True
TechSolutions 875,533,1984,https://www.techsolutions875.com,True
NovaDynamics 876,619,2004,https://www.novadynamics876.com,True
FlyDynamics 877,837,1980,https://www.flydynamics877.com,True
TechWorks 878,626,1957,https://www.techworks878.com,True
FlyIndustries 879,4,2008,https://www.flyindustries879.com,True
TechAviation 880,27,1965,https://www.techaviation880.com,True
WingAerospace 881,378,2007,https://www.wingaerospace881.com,True
NovaEngineering 882,424,1974,https://www.novaengineering882.com,False
FlyCorp 883,649,1996,https://www.flycorp883.com,True
FlyManufacturing 884,240,2012,https://www.flymanufacturing884.com,True
GlobalIndustries 885,357,2004,https://www.globalindustries885.com,True
NovaIndustries 886,752,1999,https://www.novaindustries886.com,True
JetAviation 887,891,2016,https://www.jetaviation887.com,True
StarCorp 888,131,2013,https://www.starcorp888.com,True
WingEngineering 889,896,2009,https://www.wingengineering889.com,True
NovaIndustries 890,494,2019,https://www.novaindustries890.com,True
JetAviation 891,772,1961,https://www.jetaviation891.com,True
AeroAviation 892,952,1991,https://www.aeroaviation892.com,True
WingAerospace 893,737,1982,https://www.wingaerospace893.com,True
SkyAviation 894,945,2018,https://www.skyaviation894.com,True
NovaIndustries 895,815,1992,https://www.novaindustries895.com,True
GlobalSolutions 896,67,1993,https://www.globalsolutions896.com,True
TechEngineering 897,990,2005,https://www.techengineering897.com,True
JetSystems 898,119,1987,https://www.jetsystems898.com,False
SkyDynamics 899,759,1974,https://www.skydynamics899.com,True
SkySolutions 900,377,1966,https://www.skysolutions900.com,True
TechSolutions 901,755,1950,https://www.techsolutions901.com,True
GlobalEngineering 902,195,1999,https://www.globalengineering902.com,True
FlyDynamics 903,817,1966,https://www.flydynamics903.com,True
GlobalSolutions 904,228,1963,https://www.globalsolutions904.com,True
StarManufacturing 905,324,1968,https://www.starmanufacturing905.com,True
WingAerospace 906,512,2008,https://www.wingaerospace906.com,True
WingAviation 907,765,1954,https://www.wingaviation907.com,True
WingEngineering 908,706,1965,https://www.wingengineering908.com,True
GlobalManufacturing 909,647,1977,https://www.globalmanufacturing909.com,True
TechCorp 910,830,1992,https://www.techcorp910.com,True
JetAerospace 911,718,1956,https://www.jetaerospace911.com,True
AirManufacturing 912,745,2000,https://www.airmanufacturing912.com,True
AirCorp 913,562,2000,https://www.aircorp913.com,True
NovaDynamics 914,776,2000,https://www.novadynamics914.com,True
StarSystems 915,290,1974,https://www.starsystems915.com,True
StarWorks 916,100,1966,https://www.starworks916.com,True
GlobalCorp 917,871,1988,https://www.globalcorp917.com,True
AirSolutions 918,141,2006,https://www.airsolutions918.com,True
WingAviation 919,215,1977,https://www.wingaviation919.com,True
JetCorp 920,371,2023,https://www.jetcorp920.com,True
AirWorks 921,974,2004,https://www.airworks921.com,True
AirCorp 922,99,1995,https://www.aircorp922.com,True
AirCorp 923,121,2015,https://www.aircorp923.com,True
GlobalWorks 924,994,1969,https://www.globalworks924.com,True
TechAerospace 925,35,1965,https://www.techaerospace925.com,True
NovaSystems 926,705,1972,https://www.novasystems926.com,True
TechIndustries 927,797,2009,https://www.techindustries927.com,True
TechSystems 928,648,2006,https://www.techsystems928.com,True
SkyIndustries 929,85,1965,https://www.skyindustries929.com,True
StarAerospace 930,24,2023,https://www.staraerospace930.com,True
NovaSystems 931,711,1962,https://www.novasystems931.com,True
AirWorks 932,496,2005,https://www.airworks932.com,True
AirIndustries 933,334,1958,https://www.airindustries933.com,True
StarAviation 934,416,1952,https://www.staraviation934.com,True
StarEngineering 935,501,1958,https://www.starengineering935.com,True
GlobalEngineering 936,731,1965,https://www.globalengineering936.com,True
JetIndustries 937,186,1973,https://www.jetindustries937.com,False
NovaDynamics 938,126,1955,https://www.novadynamics938.com,True
JetAviation 939,90,2021,https://www.jetaviation939.com,True
AeroIndustries 940,128,2014,https://www.aeroindustries940.com,True
StarAviation 941,434,1950,https://www.staraviation941.com,True
AeroEngineering 942,927,1987,https://www.aeroengineering942.com,True
NovaAviation 943,591,2012,https://www.novaaviation943.com,True
StarDynamics 944,621,2018,https://www.stardynamics944.com,True
SkyCorp 945,243,1954,https://www.skycorp945.com,True
WingAerospace 946,981,1967,https://www.wingaerospace946.com,True
JetSolutions 947,368,1985,https://www.jetsolutions947.com,True
GlobalWorks 948,77,2020,https://www.globalworks948.com,True
TechAviation 949,410,2008,https://www.techaviation949.com,False
WingWorks 950,963,1968,https://www.wingworks950.com,True
SkySystems 951,649,1974,https://www.skysystems951.com,True
GlobalEngineering 952,620,1970,https://www.globalengineering952.com,True
AirDynamics 953,807,2005,https://www.airdynamics953.com,True
GlobalAerospace 954,80,1984,https://www.globalaerospace954.com,True
SkyEngineering 955,417,1958,https://www.skyengineering955.com,True
SkyDynamics 956,932,1992,https://www.skydynamics956.com,True
AirAerospace 957,281,1951,https://www.airaerospace957.com,False
JetWorks 958,975,1963,https://www.jetworks958.com,True
SkyAviation 959,540,1989,https://www.skyaviation959.com,True
NovaIndustries 960,542,1994,https://www.novaindustries960.com,True
WingEngineering 961,278,1962,https://www.wingengineering961.com,True
AirDynamics 962,970,1999,https://www.airdynamics962.com,True
StarEngineering 963,609,2001,https://www.starengineering963.com,True
AirSystems 964,10,2015,https://www.airsystems964.com,True
AirAviation 965,388,2022,https://www.airaviation965.com,True
AeroDynamics 966,725,1981,https://www.aerodynamics966.com,True
TechManufacturing 967,188,2006,https://www.techmanufacturing967.com,True
NovaEngineering 968,294,1985,https://www.novaengineering968.com,True
StarAerospace 969,313,1961,https://www.staraerospace969.com,True
TechDynamics 970,866,1961,https://www.techdynamics970.com,True
SkyAerospace 971,968,1961,https://www.skyaerospace971.com,True
AeroIndustries 972,762,1986,https://www.aeroindustries972.com,True
NovaCorp 973,986,2004,https://www.novacorp973.com,True
AirManufacturing 974,510,2015,https://www.airmanufacturing974.com,True
StarIndustries 975,416,1951,https://www.starindustries975.com,True
AeroWorks 976,720,2018,https://www.aeroworks976.com,True
JetEngineering 977,701,1955,https://www.jetengineering977.com,True
AirEngineering 978,926,1978,https://www.airengineering978.com,True
FlyAviation 979,527,1995,https://www.flyaviation979.com,True
TechManufacturing 980,389,1971,https://www.techmanufacturing980.com,True
SkyDynamics 981,936,1981,https://www.skydynamics981.com,True
SkySystems 982,307,2011,https://www.skysystems982.com,True
JetCorp 983,756,2022,https://www.jetcorp983.com,True
WingEngineering 984,846,1954,https://www.wingengineering984.com,True
GlobalManufacturing 985,59,1995,https://www.globalmanufacturing985.com,False
NovaDynamics 986,306,1995,https://www.novadynamics986.com,True
FlyAviation 987,412,1995,https://www.flyaviation987.com,False
TechManufacturing 988,203,1960,https://www.techmanufacturing988.com,True
AirWorks 989,127,2012,https://www.airworks989.com,False
WingAerospace 990,482,2000,https://www.wingaerospace990.com,True
FlyWorks 991,914,1973,https://www.flyworks991.com,True
WingIndustries 992,450,2006,https://www.wingindustries992.com,True
FlyWorks 993,6,1995,https://www.flyworks993.com,True
JetIndustries 994,195,1986,https://www.jetindustries994.com,False
TechWorks 995,762,1992,https://www.techworks995.com,True
AirAerospace 996,972,2011,https://www.airaerospace996.com,True
WingIndustries 997,432,2012,https://www.wingindustries997.com,True
AirDynamics 998,770,2001,https://www.airdynamics998.com,True
TechAviation 999,113,1963,https://www.techaviation999.com,True
