nome,fabricante_id,capacidade_passageiros,alcance_km,peso_max_decolagem_kg,ano_primeiro_voo,envergadura_metros
Boeing 737-800,130,189,5765,94660.15,2002,20.82
Boeing 747-400,701,416,13450,133522.37,2013,69.79
Boeing 777-300ER,440,396,13650,488690.49,2017,20.48
Boeing 787-9,492,296,14140,158943.98,2001,24.96
Boeing 767-300ER,440,269,11070,138918.7,1979,63.75
Airbus A320neo,192,194,6300,139744.06,2019,26.9
Airbus A330-300,270,440,11750,497243.39,1985,59.98
Airbus A350-900,440,325,15000,115237.98,2015,66.96
Airbus A380-800,106,853,15200,356549.58,2002,56.67
Airbus A220-300,194,160,6297,496424.8,2007,57.73
Embraer E195-E2,153,146,4815,130104.41,1978,44.08
Embraer E175,281,88,3704,495391.42,1979,45.58
ATR 72-600,632,78,1528,115828.88,1973,42.82
Bombardier CRJ-900,538,90,2956,167094.05,2010,78.81
Cessna Citation X,228,12,6020,181365.37,2000,23.68
Modelo N-115,660,268,1846,193009.64,1994,40.45
Modelo P-116,729,229,7849,159476.65,1966,27.72
Modelo Q-117,54,50,11820,450681.5,1987,34.97
Modelo R-118,931,193,10937,73945.59,1983,32.66
Modelo S-119,373,301,6476,193048.67,1972,61.83
Modelo T-120,566,399,13623,519254.95,2002,40.24
Modelo U-121,371,464,13172,470602.86,2007,31.68
Modelo V-122,216,191,10573,239668.87,1973,24.13
Modelo W-123,617,430,2971,39007.78,1984,28.5
Modelo X-124,948,278,2616,58804.57,2003,36.1
Modelo Y-125,780,292,4309,327131.17,1979,18.07
Modelo Z-126,429,148,10019,431287.83,2004,77.64
Modelo A-127,645,279,12752,83695.93,2015,19.74
Modelo B-128,537,264,9255,477667.83,1981,56.94
Modelo C-129,991,406,3112,184448.97,1967,70.61
Modelo D-130,195,405,13135,491502.1,2023,62.93
Modelo E-131,526,495,2228,111828.16,2025,41.89
Modelo F-132,400,449,7567,370222.75,1986,27.88
Modelo G-133,586,131,4568,361385.96,1961,76.54
Modelo H-134,526,454,8461,309733.39,1993,36.24
Modelo J-135,304,162,12604,172081.07,1975,26.98
Modelo K-136,547,73,4902,185728.33,1978,80.94
Modelo L-137,950,192,3178,173204.39,1966,59.97
Modelo M-138,844,177,4440,327738.03,1960,60.41
Modelo N-139,620,373,7047,204868.7,1993,65.55
Modelo P-140,920,259,11018,187513.77,1967,58.82
Modelo Q-141,844,55,6824,143278.56,1995,27.37
Modelo R-142,551,58,11769,587576.0,1973,65.58
Modelo S-143,392,402,11712,165546.92,1986,72.18
Modelo T-144,333,162,5403,134292.4,2010,25.89
Modelo U-145,748,168,12899,268833.58,1978,78.15
Modelo V-146,508,97,3973,283743.22,1982,28.22
Modelo W-147,966,301,12951,120537.89,1996,16.47
Modelo X-148,907,133,3911,493237.03,1984,19.86
Modelo Y-149,437,86,5018,281189.13,2011,22.02
Modelo Z-150,141,319,12907,454009.86,1961,57.23
Modelo A-151,394,243,1339,79370.78,1961,68.44
Modelo B-152,958,379,1716,92324.74,1970,33.74
Modelo C-153,615,371,1221,478554.25,1961,82.03
Modelo D-154,556,104,13060,493679.39,1970,29.16
Modelo E-155,778,295,10221,537048.32,1980,36.52
Modelo F-156,159,295,4994,47687.17,1994,58.92
Modelo G-157,22,113,14515,41047.62,1997,22.18
Modelo H-158,426,478,3323,15708.1,1988,16.68
Modelo J-159,395,268,3414,221686.3,1996,30.81
Modelo K-160,701,500,7303,416758.28,1974,49.43
Modelo L-161,230,106,2666,574532.9,1996,40.01
Modelo M-162,342,365,2939,225888.7,1970,77.69
Modelo N-163,155,359,3917,265747.62,2002,56.97
Modelo P-164,436,397,3461,537473.77,1998,58.73
Modelo Q-165,357,196,15342,75794.7,2023,61.32
Modelo R-166,831,185,15860,431114.41,1969,70.22
Modelo S-167,956,491,3435,470003.66,1978,37.42
Modelo T-168,458,249,12818,481157.68,2021,72.03
Modelo U-169,592,107,8003,576357.41,1995,25.13
Modelo V-170,131,215,3979,464008.22,2005,37.35
Modelo W-171,493,267,12361,584116.59,2002,24.68
Modelo X-172,944,384,5028,239163.35,2023,52.71
Modelo Y-173,546,302,9785,495521.46,2009,20.85
Modelo Z-174,432,416,9633,353057.72,1988,64.22
Modelo A-175,371,170,1046,133918.6,1962,40.37
Modelo B-176,981,292,3188,553728.9,1967,78.8
Modelo C-177,870,234,14915,522061.92,1977,35.63
Modelo D-178,856,123,14980,337627.73,2013,31.97
Modelo E-179,230,473,1915,451992.29,1975,82.34
Modelo F-180,147,410,7184,443852.69,2014,41.02
Modelo G-181,109,409,11858,355240.14,2021,73.62
Modelo H-182,162,495,1494,100928.7,1978,20.53
Modelo J-183,13,89,10325,501174.78,2013,25.48
Modelo K-184,482,143,13182,96965.75,1998,47.91
Modelo L-185,346,419,8274,472117.19,1961,35.07
Modelo M-186,62,129,15436,390835.75,1982,50.23
Modelo N-187,406,55,14642,262818.15,2018,53.79
Modelo P-188,265,474,10372,308595.38,1989,44.66
Modelo Q-189,279,130,2506,320078.11,1976,67.02
Modelo R-190,634,255,1917,143060.25,1983,72.58
Modelo S-191,620,336,14790,60167.41,2019,48.42
Modelo T-192,658,384,7637,498943.4,1981,18.83
Modelo U-193,663,240,7950,128917.39,1973,22.31
Modelo V-194,618,235,13759,510266.43,1963,31.77
Modelo W-195,555,133,2744,53211.71,1961,67.96
Modelo X-196,193,208,10038,133009.66,1964,31.82
Modelo Y-197,584,93,10253,41251.6,2021,18.2
Modelo Z-198,96,211,6056,19960.06,2005,67.62
Modelo A-199,513,253,4192,198966.38,2010,65.8
Modelo B-200,720,116,12054,71967.2,2012,77.76
Modelo C-201,104,307,9227,487384.18,1979,16.66
Modelo D-202,392,457,8814,358019.55,1964,35.31
Modelo E-203,699,127,8587,61070.42,1971,81.7
Modelo F-204,906,168,4533,487373.48,1978,68.82
Modelo G-205,987,132,9218,317035.97,2003,46.32
Modelo H-206,348,117,5765,225785.07,2015,17.8
Modelo J-207,793,414,12188,241766.05,1986,84.79
Modelo K-208,77,360,3496,346637.0,2023,21.82
Modelo L-209,147,57,13555,524217.63,1971,49.92
Modelo M-210,322,282,3780,561422.74,1980,19.77
Modelo N-211,373,345,6789,67199.11,1982,64.75
Modelo P-212,265,285,8753,587413.0,2016,60.52
Modelo Q-213,963,121,3031,583433.18,2022,17.77
Modelo R-214,294,489,7568,254284.44,1976,45.86
Modelo S-215,866,312,11233,571946.3,2007,20.84
Modelo T-216,519,261,8374,168754.05,1965,58.44
Modelo U-217,59,379,13141,477495.52,1961,25.82
Modelo V-218,298,103,7157,107550.4,2011,74.77
Modelo W-219,398,164,15322,285432.96,1971,39.43
Modelo X-220,658,289,9767,541574.01,2019,22.64
Modelo Y-221,750,142,2775,551714.31,2010,68.78
Modelo Z-222,412,152,6385,52715.85,2003,84.75
Modelo A-223,218,298,12506,448651.59,1974,34.49
Modelo B-224,559,69,3551,569892.2,1978,59.82
Modelo C-225,582,213,1513,592869.28,2008,19.37
Modelo D-226,371,463,13936,266614.2,2020,29.94
Modelo E-227,889,158,1375,572297.33,2014,33.89
Modelo F-228,181,375,2369,97916.67,1995,43.35
Modelo G-229,895,202,12668,279081.25,2013,51.73
Modelo H-230,915,392,5250,122685.8,1966,21.47
Modelo J-231,351,269,13340,188689.41,1985,39.45
Modelo K-232,494,264,8790,328271.18,1980,82.59
Modelo L-233,364,273,15952,420347.34,2009,72.61
Modelo M-234,802,337,15643,364320.25,1969,65.59
Modelo N-235,632,346,3369,204383.56,2000,15.99
Modelo P-236,957,284,3416,307175.72,2000,22.95
Modelo Q-237,417,395,5305,319604.64,1960,84.18
Modelo R-238,878,476,3059,386061.44,1972,17.55
Modelo S-239,193,431,7884,422420.96,1981,57.07
Modelo T-240,357,160,4436,572140.48,1961,40.92
Modelo U-241,17,236,5947,539543.12,2024,72.33
Modelo V-242,717,113,9177,394613.33,2018,43.98
Modelo W-243,361,230,14568,332343.2,2002,22.94
Modelo X-244,470,140,8018,233276.07,1980,52.99
Modelo Y-245,292,245,14845,400869.28,2015,59.39
Modelo Z-246,636,409,15841,516343.4,1971,71.42
Modelo A-247,92,103,11643,24609.5,2012,22.26
Modelo B-248,770,433,11220,557428.91,1972,59.35
Modelo C-249,596,307,14203,34091.79,1997,74.62
Modelo D-250,229,158,13728,280958.48,2008,23.02
Modelo E-251,481,488,3038,220109.0,2019,43.91
Modelo F-252,661,470,12531,474011.57,2010,15.53
Modelo G-253,801,241,4668,311923.08,1994,76.57
Modelo H-254,315,185,14737,543063.74,2013,62.13
Modelo J-255,922,52,15894,257515.65,1961,16.84
Modelo K-256,384,454,14775,492773.6,2000,38.46
Modelo L-257,441,342,4962,340107.66,2010,28.49
Modelo M-258,403,379,14574,45174.88,2014,24.02
Modelo N-259,400,375,12929,116624.6,2000,51.21
Modelo P-260,237,273,2631,430364.54,1976,50.3
Modelo Q-261,591,373,13849,244327.12,1993,73.61
Modelo R-262,972,131,6282,134201.11,1971,16.79
Modelo S-263,644,55,13616,362073.59,1963,58.27
Modelo T-264,943,328,2290,349499.39,1963,66.96
Modelo U-265,465,116,11395,384428.55,2005,28.06
Modelo V-266,920,384,4633,188699.67,1991,65.84
Modelo W-267,805,463,7194,465679.08,1966,34.25
Modelo X-268,643,123,1379,388456.14,1973,22.77
Modelo Y-269,126,355,2754,97973.7,1993,77.62
Modelo Z-270,80,97,9097,509104.81,1986,42.36
Modelo A-271,815,301,1359,257040.9,2022,82.15
Modelo B-272,216,89,12261,260645.66,2000,59.35
Modelo C-273,828,280,3639,120186.76,1961,78.25
Modelo D-274,581,387,11341,369893.09,1964,23.2
Modelo E-275,356,225,8928,597025.89,1960,26.09
Modelo F-276,261,429,2992,127814.48,1963,52.52
Modelo G-277,525,315,13467,104122.42,2006,23.04
Modelo H-278,31,161,6366,96060.54,1970,65.94
Modelo J-279,275,114,5483,296721.3,1971,39.4
Modelo K-280,668,332,5822,288220.59,2023,45.52
Modelo L-281,945,254,4163,161304.49,1985,63.09
Modelo M-282,288,417,7436,75193.34,1999,26.6
Modelo N-283,977,155,12830,300381.6,2017,44.66
Modelo P-284,279,432,14367,201467.98,1973,57.51
Modelo Q-285,205,269,10292,221455.57,1968,46.46
Modelo R-286,982,67,9378,163042.24,2012,35.54
Modelo S-287,899,473,11569,570971.18,2005,42.88
Modelo T-288,185,108,14255,203768.48,1983,40.04
Modelo U-289,221,87,11763,232421.27,1978,69.57
Modelo V-290,10,112,6219,417651.06,2002,29.96
Modelo W-291,815,340,6268,540765.22,1968,41.99
Modelo X-292,218,358,9638,142216.1,1995,65.14
Modelo Y-293,881,463,11999,58772.15,2013,62.75
Modelo Z-294,326,272,14326,202271.02,1985,18.48
Modelo A-295,511,302,1766,594301.93,2013,23.35
Modelo B-296,176,281,10853,206221.73,2009,31.55
Modelo C-297,292,60,1292,391544.97,1960,78.82
Modelo D-298,135,195,14789,580609.33,1964,77.71
Modelo E-299,41,320,6527,392193.76,1968,47.89
Modelo F-300,822,474,7800,438103.4,1995,37.2
Modelo G-301,410,227,2306,340523.37,2000,49.57
Modelo H-302,403,74,5889,422427.31,2018,49.53
Modelo J-303,991,378,15917,86026.57,2007,80.64
Modelo K-304,30,102,4670,42983.03,1961,24.71
Modelo L-305,883,215,12265,438688.22,1988,26.91
Modelo M-306,742,147,15782,490184.96,1960,80.39
Modelo N-307,54,494,5254,531741.82,1965,22.76
Modelo P-308,77,205,5320,207657.45,2008,33.89
Modelo Q-309,948,137,3257,356320.12,1975,23.84
Modelo R-310,152,491,13337,356716.23,2012,59.58
Modelo S-311,126,392,9548,323639.52,2021,61.29
Modelo T-312,330,193,13658,442555.78,1988,21.43
Modelo U-313,304,442,12655,63434.65,1991,61.16
Modelo V-314,877,426,4373,421554.56,1969,83.02
Modelo W-315,218,80,1215,407241.89,2019,72.3
Modelo X-316,500,146,2712,214163.33,2025,75.09
Modelo Y-317,968,439,6108,429479.73,1979,74.35
Modelo Z-318,937,104,3130,142989.13,2006,41.99
Modelo A-319,889,281,11165,315376.46,2011,28.16
Modelo B-320,434,192,3690,416465.61,1973,25.31
Modelo C-321,110,498,13206,79466.52,1962,77.59
Modelo D-322,274,145,1468,293600.65,2017,39.64
Modelo E-323,950,110,10016,64179.06,2015,29.84
Modelo F-324,515,253,8059,312137.19,1966,45.89
Modelo G-325,101,239,1805,394443.72,2014,28.58
Modelo H-326,413,146,3894,362518.76,2023,51.3
Modelo J-327,698,105,1817,393111.74,1974,30.37
Modelo K-328,917,77,1584,351509.84,1990,19.61
Modelo L-329,283,101,4710,531321.17,2011,42.43
Modelo M-330,226,101,13024,497080.16,1994,49.66
Modelo N-331,805,137,4335,218365.37,1996,64.41
Modelo P-332,752,197,1050,70131.9,2024,78.54
Modelo Q-333,489,368,13109,193614.65,1990,26.92
Modelo R-334,72,398,3730,124596.48,2018,24.93
Modelo S-335,683,56,8775,265334.69,1962,27.43
Modelo T-336,903,185,2261,114874.19,1961,56.58
Modelo U-337,598,292,1016,300659.79,1991,48.08
Modelo V-338,839,73,1284,346851.04,1997,73.48
Modelo W-339,516,318,3741,456670.6,1972,22.0
Modelo X-340,754,461,6499,279780.57,2004,84.29
Modelo Y-341,680,181,8970,163319.05,2018,15.95
Modelo Z-342,309,230,12635,210237.24,2021,22.89
Modelo A-343,532,401,12931,389283.18,1978,83.5
Modelo B-344,226,488,11803,596540.93,2005,49.85
Modelo C-345,592,175,13140,422046.56,2015,40.16
Modelo D-346,92,431,4175,553578.64,2008,59.71
Modelo E-347,899,190,11270,412098.89,2017,84.11
Modelo F-348,540,498,3866,170205.96,2004,77.16
Modelo G-349,604,250,7836,567980.9,1995,36.65
Modelo H-350,594,71,9520,425573.85,1975,45.34
Modelo J-351,581,282,13984,478519.2,1996,22.71
Modelo K-352,511,54,12231,101071.69,1979,51.62
Modelo L-353,639,198,10144,403627.39,1998,49.08
Modelo M-354,819,83,5828,24121.55,1965,30.21
Modelo N-355,608,472,3022,46118.07,1999,15.36
Modelo P-356,677,230,14666,15375.4,1992,24.64
Modelo Q-357,291,499,13865,517521.17,1979,81.76
Modelo R-358,278,415,3337,597609.84,1985,45.24
Modelo S-359,298,91,4585,33799.96,2005,32.41
Modelo T-360,653,397,7328,262199.52,1972,77.51
Modelo U-361,612,204,6091,116381.65,2015,62.52
Modelo V-362,824,215,10472,96418.17,1985,32.5
Modelo W-363,568,263,4268,191121.43,1970,35.81
Modelo X-364,473,371,9942,122272.72,2015,21.72
Modelo Y-365,453,319,12372,198257.37,2005,47.79
Modelo Z-366,478,268,7889,577446.45,2019,16.94
Modelo A-367,28,336,13562,261237.39,1977,58.06
Modelo B-368,806,204,4975,354488.61,2007,23.91
Modelo C-369,922,328,10266,528516.06,1966,67.87
Modelo D-370,129,251,7601,406996.35,2019,71.52
Modelo E-371,531,497,8540,505930.85,1970,18.83
Modelo F-372,666,474,2753,210087.82,1972,72.54
Modelo G-373,494,339,12314,208814.94,1967,23.5
Modelo H-374,691,349,9369,447527.6,1966,64.11
Modelo J-375,148,314,10208,448148.11,2023,24.55
Modelo K-376,656,395,14963,105543.66,1999,65.34
Modelo L-377,825,53,8945,379843.39,1985,23.03
Modelo M-378,157,50,10892,529740.95,1972,32.3
Modelo N-379,486,103,1403,502144.97,2016,42.35
Modelo P-380,308,112,7628,297975.92,1983,72.42
Modelo Q-381,869,480,9957,167258.84,2016,75.15
Modelo R-382,127,365,8083,100554.13,1962,27.94
Modelo S-383,763,469,11771,155798.91,2025,66.92
Modelo T-384,206,329,8801,296072.88,1997,61.73
Modelo U-385,505,351,7018,405604.3,2010,42.01
Modelo V-386,110,459,8601,258884.43,2014,25.37
Modelo W-387,469,195,2968,345062.31,1961,55.64
Modelo X-388,661,67,11656,537534.27,2016,17.98
Modelo Y-389,986,231,3282,288725.66,2018,34.38
Modelo Z-390,367,131,9202,515666.15,2024,29.75
Modelo A-391,538,411,7399,315131.42,1982,60.91
Modelo B-392,672,230,12783,344441.44,2018,65.06
Modelo C-393,144,452,5560,474202.15,1998,79.64
Modelo D-394,939,84,14751,392403.39,2008,82.38
Modelo E-395,675,360,3955,351982.79,2024,69.28
Modelo F-396,266,319,3120,423194.69,2004,55.91
Modelo G-397,414,474,2107,41283.54,1980,31.22
Modelo H-398,109,390,9182,561526.84,2020,37.66
Modelo J-399,791,168,14247,551601.94,1990,22.38
Modelo K-400,179,500,12930,537096.62,2013,79.57
Modelo L-401,627,81,5103,81967.16,1969,45.91
Modelo M-402,622,241,11343,506797.42,1982,37.48
Modelo N-403,461,407,7187,92931.74,1985,28.7
Modelo P-404,449,301,12122,182362.26,1985,66.95
Modelo Q-405,834,272,9659,488073.25,1984,21.02
Modelo R-406,645,62,11955,71280.58,1964,71.7
Modelo S-407,369,52,13687,253696.01,1969,38.85
Modelo T-408,748,399,15925,441045.86,2023,28.31
Modelo U-409,585,156,14559,292133.73,2005,39.95
Modelo V-410,874,336,3258,483933.6,2016,44.93
Modelo W-411,895,242,2161,347954.17,1976,69.77
Modelo X-412,104,202,2932,306746.66,1966,57.1
Modelo Y-413,24,219,4670,495476.77,1997,79.56
Modelo Z-414,400,178,12522,224374.54,1980,82.77
Modelo A-415,548,88,10426,156218.06,2024,36.86
Modelo B-416,59,366,9944,423047.98,1974,55.79
Modelo C-417,669,184,1491,33880.71,2013,33.26
Modelo D-418,910,221,13529,49744.3,1986,53.3
Modelo E-419,338,425,13408,403051.63,1967,31.49
Modelo F-420,825,87,10238,544029.46,1964,39.21
Modelo G-421,973,86,7819,364916.36,1970,77.13
Modelo H-422,970,295,3121,173247.42,1965,22.28
Modelo J-423,520,304,4690,395447.13,2015,48.43
Modelo K-424,871,450,15359,583307.4,1962,80.19
Modelo L-425,793,63,13809,489647.45,2008,62.74
Modelo M-426,19,427,10052,297071.4,2009,68.6
Modelo N-427,129,406,8040,425282.61,1977,23.09
Modelo P-428,919,110,11086,589782.72,2007,39.63
Modelo Q-429,448,225,1949,154329.57,1971,56.2
Modelo R-430,423,166,13246,455252.9,1965,84.37
Modelo S-431,895,57,12793,161204.6,1967,20.36
Modelo T-432,450,114,3958,180318.65,2000,39.48
Modelo U-433,912,385,5001,598881.95,1976,57.43
Modelo V-434,674,295,3005,399105.32,1969,32.51
Modelo W-435,211,328,9108,427574.28,2005,77.83
Modelo X-436,226,489,8266,432183.31,2006,69.61
Modelo Y-437,890,199,11709,157860.39,1994,37.32
Modelo Z-438,516,327,2710,46588.56,2012,64.39
Modelo A-439,498,368,5583,60890.95,1977,73.9
Modelo B-440,237,316,5996,449016.57,1986,23.59
Modelo C-441,836,421,13909,98047.32,1990,63.88
Modelo D-442,783,382,8434,572531.31,1962,49.92
Modelo E-443,277,67,5554,359120.49,1998,72.9
Modelo F-444,62,93,5572,514925.93,2009,49.68
Modelo G-445,392,491,7302,274751.55,1988,29.4
Modelo H-446,676,144,8062,326507.78,1999,17.19
Modelo J-447,357,440,1425,547381.59,2003,79.59
Modelo K-448,830,184,13342,360710.8,1963,38.87
Modelo L-449,637,474,8111,521459.24,1967,71.52
Modelo M-450,398,333,12817,560496.53,1996,75.1
Modelo N-451,475,323,7944,349972.49,1993,26.38
Modelo P-452,479,245,13216,595678.65,1990,24.23
Modelo Q-453,288,57,14100,414320.26,1995,20.99
Modelo R-454,790,177,9893,188057.58,2010,17.7
Modelo S-455,371,190,5403,400649.52,1961,23.7
Modelo T-456,677,341,6259,504059.88,1982,46.07
Modelo U-457,451,58,1145,287867.11,2005,48.61
Modelo V-458,570,482,4569,254037.37,1970,34.35
Modelo W-459,565,362,6145,572676.57,2016,27.59
Modelo X-460,806,442,5524,166831.37,2023,23.91
Modelo Y-461,179,372,3406,524674.92,1966,31.29
Modelo Z-462,40,385,4018,415398.21,2016,55.59
Modelo A-463,567,71,12753,148352.17,1993,83.27
Modelo B-464,695,58,14843,516631.83,2005,52.83
Modelo C-465,615,72,4845,219591.85,1969,50.49
Modelo D-466,524,107,2268,153632.55,2001,54.93
Modelo E-467,843,474,12157,258342.26,2014,76.31
Modelo F-468,26,123,6350,370075.54,2006,38.45
Modelo G-469,919,258,11682,234208.63,1997,58.53
Modelo H-470,378,132,1730,185160.49,1979,78.83
Modelo J-471,109,63,10978,138715.59,2000,50.76
Modelo K-472,760,449,9326,473328.28,2004,80.8
Modelo L-473,851,243,10546,34070.72,1979,41.68
Modelo M-474,81,382,2266,575795.72,1988,54.58
Modelo N-475,646,344,9982,444361.48,1975,74.33
Modelo P-476,818,320,1842,370154.68,2016,37.19
Modelo Q-477,857,149,10424,186443.21,1991,38.01
Modelo R-478,787,459,6930,150071.06,2000,67.37
Modelo S-479,710,109,4949,275329.38,2012,40.33
Modelo T-480,574,230,9284,59719.6,2006,60.73
Modelo U-481,236,359,8355,474987.92,1989,54.85
Modelo V-482,129,473,9808,158292.2,2012,62.19
Modelo W-483,142,390,10921,167263.19,1996,38.91
Modelo X-484,84,110,7692,261298.22,1978,55.32
Modelo Y-485,903,373,13659,130890.97,1983,76.35
Modelo Z-486,171,57,2979,259895.98,2020,67.0
Modelo A-487,891,114,1558,502807.26,1963,63.3
Modelo B-488,136,87,9436,522124.79,2009,78.3
Modelo C-489,131,231,7591,422703.29,1990,64.84
Modelo D-490,345,110,15703,497458.62,2003,56.4
Modelo E-491,111,365,12832,41464.05,2005,81.49
Modelo F-492,646,259,8368,448308.03,2015,35.25
Modelo G-493,717,294,3205,444064.23,2025,20.87
Modelo H-494,608,53,10716,231376.24,2018,41.56
Modelo J-495,181,274,9334,437681.91,1995,81.13
Modelo K-496,238,99,5871,303576.68,1966,54.49
Modelo L-497,594,318,9326,508778.27,2014,34.97
Modelo M-498,327,246,13407,119373.25,1978,17.94
Modelo N-499,904,426,12976,138248.2,1995,55.26
Modelo P-500,322,365,2629,218197.18,1981,23.3
Modelo Q-501,499,190,8191,145825.52,1981,35.19
Modelo R-502,621,182,13344,77079.88,1989,61.65
Modelo S-503,99,122,4388,338015.61,2025,67.84
Modelo T-504,613,64,15787,38250.85,1984,15.47
Modelo U-505,843,476,1422,231181.23,1996,80.93
Modelo V-506,437,342,12994,275222.44,1976,73.17
Modelo W-507,941,201,2795,434006.78,1975,46.11
Modelo X-508,506,271,5309,65815.34,1977,84.52
Modelo Y-509,685,424,2908,581537.15,1970,67.1
Modelo Z-510,745,163,2218,206362.69,2024,38.47
Modelo A-511,646,282,13050,315013.81,1969,64.48
Modelo B-512,914,211,1628,268525.91,2000,28.33
Modelo C-513,677,335,14723,528380.52,1964,81.44
Modelo D-514,9,371,5029,95071.68,2008,76.05
Modelo E-515,690,162,4205,170192.34,1979,48.92
Modelo F-516,752,145,9138,180320.81,1985,59.43
Modelo G-517,974,95,9459,516436.73,1987,15.22
Modelo H-518,503,84,10137,372562.05,1982,17.72
Modelo J-519,270,402,11049,237469.78,1990,59.64
Modelo K-520,544,297,11763,573286.1,1998,73.85
Modelo L-521,300,498,11944,298760.07,2010,56.85
Modelo M-522,493,328,5840,71471.94,1974,82.4
Modelo N-523,783,436,5706,260462.51,2017,37.78
Modelo P-524,436,389,2897,118073.75,2000,61.24
Modelo Q-525,714,227,7522,427319.0,2021,73.81
Modelo R-526,501,492,10847,256021.71,1990,17.03
Modelo S-527,520,187,4524,535539.21,2012,19.26
Modelo T-528,331,445,5286,409868.59,2012,42.4
Modelo U-529,436,276,7531,167509.14,1966,33.78
Modelo V-530,225,422,6567,387215.72,1965,36.6
Modelo W-531,227,259,10379,527238.86,1986,69.57
Modelo X-532,971,106,11048,372289.57,1976,57.35
Modelo Y-533,974,60,12832,27353.85,2008,21.32
Modelo Z-534,342,410,15945,221329.87,1968,60.85
Modelo A-535,216,315,6932,328251.51,1980,73.67
Modelo B-536,881,252,12760,149160.66,1980,78.75
Modelo C-537,424,219,4532,338476.43,1991,80.8
Modelo D-538,866,68,1328,456746.26,1973,50.1
Modelo E-539,497,455,1692,106813.12,1998,16.7
Modelo F-540,791,373,12273,159675.61,1994,67.49
Modelo G-541,803,466,7190,398336.44,1976,72.28
Modelo H-542,277,498,15122,64676.23,1969,50.32
Modelo J-543,781,410,13003,257997.31,1961,66.99
Modelo K-544,620,327,3487,70900.65,2010,28.6
Modelo L-545,880,360,6114,474091.48,2014,50.86
Modelo M-546,310,61,5490,283459.8,1972,33.5
Modelo N-547,591,385,8723,235299.72,2014,21.51
Modelo P-548,575,258,5563,297759.47,2024,32.12
Modelo Q-549,509,58,12920,245282.43,2007,68.39
Modelo R-550,111,415,8409,146075.6,1963,42.81
Modelo S-551,458,168,7059,293931.7,1973,60.0
Modelo T-552,148,220,14265,383499.59,1970,21.68
Modelo U-553,213,136,15169,566124.57,1991,20.87
Modelo V-554,632,256,14730,292006.07,1989,19.13
Modelo W-555,259,302,7747,197201.15,2003,73.4
Modelo X-556,330,68,12288,345707.73,2012,76.0
Modelo Y-557,707,187,4427,456697.19,2022,53.19
Modelo Z-558,983,210,11682,152907.51,2019,64.62
Modelo A-559,569,313,15068,447715.72,1970,79.49
Modelo B-560,717,267,2269,234776.34,1961,26.35
Modelo C-561,125,433,3722,130460.05,1974,17.73
Modelo D-562,508,267,3797,381306.47,2022,24.79
Modelo E-563,561,497,7850,248652.31,1997,23.23
Modelo F-564,738,200,15421,410859.65,2001,58.06
Modelo G-565,578,240,11653,112078.22,1997,51.63
Modelo H-566,823,154,11059,571917.29,2007,51.36
Modelo J-567,484,178,8583,138211.02,2002,79.9
Modelo K-568,873,418,3217,111079.35,2020,15.69
Modelo L-569,184,263,3463,290238.66,1960,36.83
Modelo M-570,205,146,12371,69900.99,2018,38.17
Modelo N-571,640,81,8679,362755.86,1968,39.53
Modelo P-572,905,336,4703,216800.11,1961,79.95
Modelo Q-573,292,190,14447,548233.77,2014,55.91
Modelo R-574,377,206,11231,463688.47,1992,54.28
Modelo S-575,676,378,4319,60323.53,1979,22.21
Modelo T-576,287,160,3921,168818.51,1973,23.87
Modelo U-577,602,317,11564,463141.79,2002,55.3
Modelo V-578,607,486,10908,177183.94,2020,29.65
Modelo W-579,803,51,4798,593616.03,1971,80.07
Modelo X-580,151,364,3348,111418.76,1960,37.63
Modelo Y-581,141,76,9383,487232.12,2014,61.54
Modelo Z-582,310,217,9198,459604.34,1990,54.21
Modelo A-583,793,243,7316,428153.09,2005,36.82
Modelo B-584,325,317,9694,60746.8,1987,81.88
Modelo C-585,854,374,5550,431138.39,2015,54.23
Modelo D-586,712,300,13926,161565.34,1975,54.05
Modelo E-587,668,272,6704,119137.26,2006,74.88
Modelo F-588,687,444,6668,441167.53,1987,58.19
Modelo G-589,943,498,4129,238737.59,1982,80.32
Modelo H-590,201,55,8243,226179.96,1984,15.39
Modelo J-591,337,208,2541,547958.84,1992,50.2
Modelo K-592,622,56,5473,34613.99,1995,59.92
Modelo L-593,45,253,12395,426994.72,1995,58.77
Modelo M-594,844,342,1498,519963.41,2020,84.81
Modelo N-595,466,373,9033,116656.02,1973,17.67
Modelo P-596,628,64,15651,432286.61,1982,75.96
Modelo Q-597,85,117,7874,502927.69,1975,18.92
Modelo R-598,728,376,2021,198828.38,1995,83.84
Modelo S-599,671,149,11059,446410.37,2002,73.61
Modelo T-600,922,484,6185,540175.84,1981,78.4
Modelo U-601,740,350,7000,317059.16,2011,44.15
Modelo V-602,686,391,2007,52998.62,2024,25.33
Modelo W-603,86,186,3827,274388.34,1995,57.6
Modelo X-604,518,402,7705,116186.4,1960,36.78
Modelo Y-605,360,337,2928,214749.71,1971,54.63
Modelo Z-606,91,287,2904,552036.49,1983,66.07
Modelo A-607,326,145,10685,381575.59,1962,68.67
Modelo B-608,11,453,4563,388198.19,2018,20.69
Modelo C-609,966,420,5042,195052.66,1984,67.32
Modelo D-610,136,427,6087,46201.15,1996,27.46
Modelo E-611,579,121,6169,257179.92,1984,34.1
Modelo F-612,182,152,5832,166722.14,2016,33.52
Modelo G-613,364,300,10481,227713.72,2017,73.07
Modelo H-614,852,401,3793,36487.69,2009,25.9
Modelo J-615,216,341,12504,268804.24,1996,29.52
Modelo K-616,992,408,9253,337692.56,1994,21.35
Modelo L-617,216,445,5230,142679.13,1993,17.2
Modelo M-618,530,109,11786,384201.49,2020,24.79
Modelo N-619,331,350,7099,344805.11,1964,37.57
Modelo P-620,645,103,6879,523557.52,1961,26.11
Modelo Q-621,343,293,6516,394010.57,1972,28.1
Modelo R-622,314,233,3666,288102.12,1983,67.64
Modelo S-623,829,274,11102,282020.72,2015,66.17
Modelo T-624,855,292,4990,162756.24,2007,57.07
Modelo U-625,695,297,7572,190601.38,1989,68.42
Modelo V-626,111,309,7897,264148.12,1994,81.78
Modelo W-627,608,255,1467,110955.19,1981,79.56
Modelo X-628,989,355,12429,566565.1,1985,81.6
Modelo Y-629,770,340,3286,90986.13,2002,70.2
Modelo Z-630,994,77,2481,195925.02,1978,71.1
Modelo A-631,406,284,3708,284443.82,1978,29.03
Modelo B-632,309,138,6038,62019.53,1990,75.04
Modelo C-633,93,273,12864,158168.53,2007,15.35
Modelo D-634,353,131,2636,290418.41,2010,63.91
Modelo E-635,685,291,7165,501337.99,1991,68.41
Modelo F-636,397,99,3105,201238.67,1977,42.99
Modelo G-637,920,217,5639,494577.78,2014,56.79
Modelo H-638,74,323,6683,300660.96,1963,30.52
Modelo J-639,183,361,13580,152567.19,2006,38.79
Modelo K-640,2,471,11003,365514.56,2010,79.02
Modelo L-641,236,380,3262,307470.57,1965,29.79
Modelo M-642,96,272,6563,239678.92,1983,44.8
Modelo N-643,319,195,7337,410034.67,2021,17.44
Modelo P-644,184,265,3679,247956.44,1973,47.54
Modelo Q-645,355,92,12240,443612.33,2011,71.25
Modelo R-646,165,56,6226,90312.61,2024,41.88
Modelo S-647,12,282,8964,397483.08,2011,44.57
Modelo T-648,311,77,7962,166309.69,1974,57.25
Modelo U-649,931,460,8377,308706.03,2020,64.84
Modelo V-650,548,482,6977,80328.2,1982,83.65
Modelo W-651,778,322,7282,524133.86,1970,25.53
Modelo X-652,971,222,12592,360239.52,1985,51.04
Modelo Y-653,746,364,15290,281168.78,1966,47.53
Modelo Z-654,125,70,15219,301428.53,2006,18.51
Modelo A-655,703,356,7050,162611.18,2003,62.25
Modelo B-656,839,442,1385,332507.87,1982,35.53
Modelo C-657,18,263,8319,204910.04,1964,56.7
Modelo D-658,750,232,1599,325792.09,2010,32.4
Modelo E-659,548,93,2549,88741.96,1978,59.3
Modelo F-660,915,270,5500,217050.97,2018,63.23
Modelo G-661,941,174,14526,543594.58,2018,17.84
Modelo H-662,382,217,1627,100849.01,1972,41.73
Modelo J-663,81,421,6534,557552.72,1998,44.58
Modelo K-664,189,61,13235,165261.93,1970,73.58
Modelo L-665,989,271,2907,479282.2,1993,84.64
Modelo M-666,527,365,9833,514732.53,1991,63.6
Modelo N-667,384,75,10393,291657.26,2015,34.24
Modelo P-668,797,402,4042,176959.48,1965,57.32
Modelo Q-669,695,142,5668,174517.45,2012,29.5
Modelo R-670,425,450,11767,90913.66,1994,47.37
Modelo S-671,1000,454,11401,201123.25,1988,30.74
Modelo T-672,333,413,4621,52277.64,1996,65.97
Modelo U-673,847,361,8547,358929.79,2002,52.9
Modelo V-674,953,293,10136,22351.83,2003,37.37
Modelo W-675,456,471,3486,285239.32,2023,29.74
Modelo X-676,175,407,12026,243185.83,2011,17.26
Modelo Y-677,586,486,2287,384359.68,2004,20.82
Modelo Z-678,543,432,7048,192859.15,2000,46.6
Modelo A-679,31,289,3554,380544.68,1981,58.7
Modelo B-680,442,339,7805,597558.12,1962,67.6
Modelo C-681,570,195,13190,302092.77,1990,41.27
Modelo D-682,135,325,7200,370166.22,1975,21.79
Modelo E-683,217,161,2812,348885.83,1982,75.54
Modelo F-684,797,442,13033,587654.45,2012,39.64
Modelo G-685,429,161,15753,365560.39,2000,68.93
Modelo H-686,109,372,11882,532583.35,2000,50.16
Modelo J-687,402,322,4688,517548.1,2023,67.98
Modelo K-688,846,196,8363,106826.16,1982,43.0
Modelo L-689,546,51,14596,210422.09,2019,60.93
Modelo M-690,930,399,2610,239261.75,2013,83.2
Modelo N-691,194,260,11427,31988.98,1988,24.7
Modelo P-692,516,367,2319,365747.38,2012,81.18
Modelo Q-693,625,216,5095,112378.44,2020,62.91
Modelo R-694,24,239,13172,366785.41,2009,53.64
Modelo S-695,198,492,14931,549225.96,2018,40.83
Modelo T-696,246,497,3870,291218.8,1985,37.59
Modelo U-697,67,200,15654,33070.51,2019,47.14
Modelo V-698,618,400,8268,593982.3,1982,83.1
Modelo W-699,657,306,2821,485156.88,2002,76.05
Modelo X-700,251,131,8572,437397.06,1968,15.48
Modelo Y-701,699,66,12089,252712.82,2020,75.35
Modelo Z-702,802,86,7833,575181.27,1975,65.11
Modelo A-703,663,360,9751,433137.07,2016,48.66
Modelo B-704,62,421,5799,489822.5,1965,40.44
Modelo C-705,950,416,9381,383121.9,2016,45.0
Modelo D-706,107,113,3391,510536.17,1974,65.54
Modelo E-707,423,237,11756,213803.26,1991,70.69
Modelo F-708,271,157,2591,208065.03,1969,47.08
Modelo G-709,504,413,13329,158166.14,1993,38.97
Modelo H-710,456,402,6417,475613.76,1993,54.78
Modelo J-711,37,354,13473,96912.27,1996,16.82
Modelo K-712,380,500,10233,227193.68,1997,36.47
Modelo L-713,163,416,10300,385828.33,2020,64.92
Modelo M-714,302,394,3530,450083.9,1976,25.26
Modelo N-715,880,199,7295,165523.87,1989,16.96
Modelo P-716,598,158,5963,101792.57,1961,33.16
Modelo Q-717,521,419,13213,524086.05,2011,48.39
Modelo R-718,996,137,6639,391653.14,2024,37.0
Modelo S-719,388,241,15178,556758.15,1981,75.95
Modelo T-720,180,296,8929,539823.16,1961,61.81
Modelo U-721,351,83,4683,195945.35,1988,25.51
Modelo V-722,797,361,12940,476725.43,1985,39.96
Modelo W-723,584,285,15953,388602.4,1961,73.8
Modelo X-724,839,483,13830,475795.97,1989,66.9
Modelo Y-725,681,236,1538,248117.37,1972,81.64
Modelo Z-726,69,309,5447,338671.42,1970,82.93
Modelo A-727,458,78,10284,320925.05,1991,32.93
Modelo B-728,188,428,12300,562755.06,1991,30.98
Modelo C-729,468,417,3907,38536.18,1994,53.64
Modelo D-730,761,96,4113,444002.29,1968,78.43
Modelo E-731,536,117,5960,50606.09,1989,32.08
Modelo F-732,596,439,8819,286598.71,1966,37.32
Modelo G-733,75,374,4218,294804.94,2016,20.84
Modelo H-734,103,151,9886,359784.88,2022,36.0
Modelo J-735,596,54,8041,518766.38,1974,65.4
Modelo K-736,797,276,11528,128957.28,2018,84.46
Modelo L-737,773,178,7671,366792.18,2023,59.18
Modelo M-738,520,218,8918,315807.14,1998,33.49
Modelo N-739,255,322,6589,176043.68,2024,36.62
Modelo P-740,115,275,13396,568232.76,2022,15.46
Modelo Q-741,482,310,9122,110431.56,1968,68.23
Modelo R-742,312,394,2549,556297.77,2016,38.97
Modelo S-743,552,401,14476,121853.57,1973,68.4
Modelo T-744,315,159,9221,193649.53,2020,22.2
Modelo U-745,950,203,10986,138020.78,1979,37.66
Modelo V-746,785,148,7491,474699.51,1980,57.71
Modelo W-747,334,130,9461,588975.33,2013,69.58
Modelo X-748,235,187,5306,291109.28,1998,40.96
Modelo Y-749,342,206,12906,222051.14,2000,46.48
Modelo Z-750,577,267,7447,461176.72,1960,68.36
Modelo A-751,57,256,7697,221863.0,1977,83.25
Modelo B-752,281,442,1319,493841.84,1985,29.6
Modelo C-753,263,416,5829,502042.77,1963,37.53
Modelo D-754,392,454,6336,341469.88,1985,70.82
Modelo E-755,516,366,8210,515996.01,1973,20.21
Modelo F-756,334,132,12843,295614.38,2020,81.64
Modelo G-757,800,73,11803,243186.86,2022,32.49
Modelo H-758,601,360,7144,49700.34,1967,59.77
Modelo J-759,551,191,7053,271302.76,1996,22.77
Modelo K-760,902,118,13285,58283.42,2012,72.7
Modelo L-761,155,497,10663,189830.54,1985,54.33
Modelo M-762,252,274,6371,350048.9,1993,53.97
Modelo N-763,299,468,12297,27783.31,1968,75.95
Modelo P-764,729,408,13108,198667.32,2006,78.36
Modelo Q-765,766,278,15493,140665.5,2001,47.78
Modelo R-766,371,285,6456,131406.33,1993,32.88
Modelo S-767,956,432,1379,97057.91,2012,44.91
Modelo T-768,499,462,14076,43098.18,1967,78.91
Modelo U-769,383,312,1265,345943.04,1964,82.19
Modelo V-770,818,497,6358,477230.44,2022,34.79
Modelo W-771,650,220,2099,444643.78,1971,83.2
Modelo X-772,116,449,9712,107560.99,2025,74.24
Modelo Y-773,588,94,8675,371868.42,1984,67.63
Modelo Z-774,701,442,8060,493387.12,2019,46.59
Modelo A-775,757,500,3493,395509.56,1969,27.72
Modelo B-776,348,344,8439,323712.67,2015,77.26
Modelo C-777,589,255,5813,18717.06,2009,16.32
Modelo D-778,331,165,7998,103039.53,1988,55.91
Modelo E-779,335,443,9722,282785.69,1985,68.89
Modelo F-780,948,344,6810,537547.47,1979,28.22
Modelo G-781,212,125,6054,121228.23,1963,52.34
Modelo H-782,41,482,13770,89484.27,2004,81.83
Modelo J-783,892,217,6166,558152.32,1986,29.12
Modelo K-784,435,133,5441,151292.63,1987,69.06
Modelo L-785,141,63,15379,540844.58,2016,23.62
Modelo M-786,27,242,8273,522506.68,1986,41.63
Modelo N-787,450,278,7540,131203.07,2008,56.32
Modelo P-788,96,113,3868,311421.45,1975,26.4
Modelo Q-789,124,157,9013,448275.57,2005,67.48
Modelo R-790,426,212,4129,138041.56,1971,70.99
Modelo S-791,490,234,5182,312610.12,2018,16.13
Modelo T-792,823,244,7881,249180.38,1972,39.83
Modelo U-793,857,208,2069,268977.1,1998,31.06
Modelo V-794,87,409,11656,391495.44,2009,76.32
Modelo W-795,975,58,5500,441833.03,2001,18.18
Modelo X-796,255,483,3905,345278.86,1976,51.3
Modelo Y-797,712,121,8697,460938.39,1967,56.73
Modelo Z-798,888,157,13121,401657.03,2007,58.23
Modelo A-799,162,471,7868,115865.69,1979,66.94
Modelo B-800,685,464,3975,228564.79,1974,70.06
Modelo C-801,510,65,4343,194047.92,2007,78.63
Modelo D-802,637,185,6260,31659.74,1963,38.21
Modelo E-803,36,290,13041,525136.49,2012,18.25
Modelo F-804,781,243,10805,437675.79,1981,26.07
Modelo G-805,358,57,15699,145279.31,2013,84.17
Modelo H-806,992,107,8793,286693.49,2013,74.93
Modelo J-807,451,324,3202,516295.67,1960,36.8
Modelo K-808,922,290,15792,165264.05,2001,60.95
Modelo L-809,980,237,11053,406032.69,1972,48.45
Modelo M-810,852,433,14958,349175.13,1976,30.35
Modelo N-811,825,116,3336,146947.83,1970,67.02
Modelo P-812,414,417,5625,533846.99,1973,32.48
Modelo Q-813,190,178,12960,400731.08,2002,64.73
Modelo R-814,685,286,10679,319151.4,1994,68.19
Modelo S-815,336,117,7914,234240.86,1978,55.56
Modelo T-816,36,485,13254,545018.5,2009,59.23
Modelo U-817,203,456,3984,23378.21,1964,73.48
Modelo V-818,166,171,7500,203681.44,2021,48.87
Modelo W-819,193,226,11300,523672.62,2011,46.65
Modelo X-820,465,159,11179,168740.71,2016,23.25
Modelo Y-821,672,193,13591,315977.18,2003,38.61
Modelo Z-822,262,145,6586,487088.27,2022,69.04
Modelo A-823,680,283,2581,405787.42,2003,68.43
Modelo B-824,65,184,13811,228772.01,1963,82.53
Modelo C-825,97,114,4721,585426.41,1974,23.42
Modelo D-826,303,414,3069,525884.44,1999,46.68
Modelo E-827,963,333,2359,580281.14,2024,27.78
Modelo F-828,964,469,15510,599148.7,1984,24.92
Modelo G-829,228,398,13712,24780.75,2005,51.79
Modelo H-830,156,449,10222,518056.83,1966,71.02
Modelo J-831,553,235,4775,420811.43,1981,41.21
Modelo K-832,697,101,3713,386420.79,1988,74.03
Modelo L-833,734,434,3491,331380.62,2014,75.08
Modelo M-834,51,192,7567,188450.41,2013,77.56
Modelo N-835,330,289,3230,437105.37,1998,15.02
Modelo P-836,726,178,10105,405850.3,1986,79.61
Modelo Q-837,609,363,2094,49645.0,2012,24.82
Modelo R-838,843,296,3625,462286.86,1991,42.39
Modelo S-839,662,131,7865,243734.8,1984,32.4
Modelo T-840,73,229,4707,578564.05,1995,24.83
Modelo U-841,127,255,12894,447698.17,1979,29.41
Modelo V-842,689,122,5513,459941.99,1961,59.57
Modelo W-843,319,316,9589,75028.14,2020,31.25
Modelo X-844,306,274,14471,88045.73,2018,25.76
Modelo Y-845,773,500,15917,436203.99,1994,81.46
Modelo Z-846,391,70,14729,536303.3,1974,58.88
Modelo A-847,600,268,3759,527601.76,2022,68.09
Modelo B-848,536,165,2688,66815.18,2006,31.89
Modelo C-849,681,485,9102,504474.83,2015,44.52
Modelo D-850,108,376,15174,465418.17,1995,78.33
Modelo E-851,521,377,6387,260492.54,1992,83.82
Modelo F-852,14,92,2656,432160.94,2022,31.99
Modelo G-853,227,303,10684,268753.71,1994,22.28
Modelo H-854,847,449,12608,300399.25,2008,57.46
Modelo J-855,948,495,11937,238813.53,1973,56.32
Modelo K-856,659,456,2615,351740.93,1975,82.67
Modelo L-857,370,172,10504,408476.5,2013,72.07
Modelo M-858,763,417,1653,218173.11,2016,74.66
Modelo N-859,885,343,9564,36806.6,2011,71.92
Modelo P-860,763,371,13740,267601.45,1963,30.12
Modelo Q-861,25,142,11330,568380.61,1972,35.46
Modelo R-862,822,261,1464,441498.56,1992,40.1
Modelo S-863,353,399,6773,584544.04,1991,34.36
Modelo T-864,49,451,6316,283049.67,1993,68.8
Modelo U-865,215,132,10150,465923.21,2001,66.85
Modelo V-866,357,435,13795,492049.63,2023,74.97
Modelo W-867,361,220,11099,329867.34,1989,37.16
Modelo X-868,104,206,15977,437335.29,2011,36.9
Modelo Y-869,655,304,4050,457590.22,1985,33.53
Modelo Z-870,498,412,6744,212145.73,2016,77.7
Modelo A-871,164,436,3761,203814.47,1974,28.29
Modelo B-872,931,208,9292,424633.56,1997,67.97
Modelo C-873,183,325,7520,376805.52,1969,28.9
Modelo D-874,729,96,10797,550097.92,2011,74.65
Modelo E-875,734,124,6573,326704.24,2010,24.31
Modelo F-876,107,247,14844,574303.85,1997,57.94
Modelo G-877,332,92,4683,273883.59,1965,32.21
Modelo H-878,684,129,5485,30420.13,1988,73.33
Modelo J-879,252,162,15338,147112.1,1987,25.18
Modelo K-880,250,201,1340,516655.84,2021,73.66
Modelo L-881,570,262,10031,599047.97,1984,43.86
Modelo M-882,532,484,10517,248775.85,2009,67.28
Modelo N-883,816,411,6963,485004.26,1993,45.19
Modelo P-884,922,236,4845,202290.51,2005,20.39
Modelo Q-885,138,404,6270,518067.65,1991,70.69
Modelo R-886,132,346,2583,588891.45,2024,64.58
Modelo S-887,322,324,2717,487243.34,1989,65.41
Modelo T-888,719,417,11567,586248.41,1988,47.57
Modelo U-889,857,344,1871,284239.74,2016,49.8
Modelo V-890,67,273,3807,27937.38,2017,54.13
Modelo W-891,918,79,6695,293826.47,1978,19.46
Modelo X-892,67,231,12777,176512.87,1992,81.31
Modelo Y-893,29,422,12691,364677.03,2015,64.3
Modelo Z-894,406,118,4525,402153.48,1999,52.69
Modelo A-895,312,395,6415,151050.14,2025,81.24
Modelo B-896,785,123,9841,588404.45,2000,75.39
Modelo C-897,55,362,12667,456362.8,1975,69.22
Modelo D-898,629,86,2042,324916.61,1980,66.28
Modelo E-899,616,177,13676,458910.29,1982,73.5
Modelo F-900,665,65,9109,441270.26,2002,21.24
Modelo G-901,588,256,12484,570182.49,2009,71.34
Modelo H-902,714,245,8772,96028.06,2003,27.81
Modelo J-903,364,209,3906,428748.83,1992,49.98
Modelo K-904,267,144,7576,132355.27,2004,83.99
Modelo L-905,84,374,6565,279260.58,1972,51.67
Modelo M-906,901,60,10931,50627.02,1967,62.79
Modelo N-907,173,98,1028,578705.86,1961,15.33
Modelo P-908,314,246,1453,483022.33,2007,75.16
Modelo Q-909,194,138,11428,378210.35,1983,52.46
Modelo R-910,100,226,15288,414660.93,1979,56.98
Modelo S-911,182,343,15605,272808.09,1982,50.51
Modelo T-912,839,466,8292,32749.88,1964,80.47
Modelo U-913,964,456,2970,487214.83,1999,80.45
Modelo V-914,358,105,12190,120543.8,1981,78.02
Modelo W-915,198,304,10887,105822.78,2003,80.65
Modelo X-916,562,387,14627,242474.82,2017,81.08
Modelo Y-917,568,392,2072,212931.21,2006,24.9
Modelo Z-918,503,468,4085,479521.57,1965,40.08
Modelo A-919,831,295,14821,547155.82,1972,74.34
Modelo B-920,680,96,11728,202523.54,2010,67.98
Modelo C-921,206,379,5629,202385.11,2017,68.45
Modelo D-922,967,199,11261,264396.73,2015,41.39
Modelo E-923,25,301,9048,76026.32,2021,57.68
Modelo F-924,510,206,13883,465883.35,1967,51.93
Modelo G-925,193,71,2461,194665.1,1982,59.87
Modelo H-926,50,428,9753,31358.41,1998,41.94
Modelo J-927,988,230,9810,45674.62,2015,66.7
Modelo K-928,870,318,3921,312616.17,1965,78.75
Modelo L-929,469,100,4042,537028.31,2000,20.11
Modelo M-930,508,154,4387,349120.02,1961,18.17
Modelo N-931,211,245,15750,418292.87,1997,15.33
Modelo P-932,676,173,14330,550418.32,2002,83.91
Modelo Q-933,847,249,4741,232493.51,2011,18.13
Modelo R-934,614,122,5033,378731.79,1993,76.74
Modelo S-935,697,266,10347,430450.87,1999,29.34
Modelo T-936,670,499,13069,549535.67,2012,63.32
Modelo U-937,844,262,7777,235622.08,1984,72.17
Modelo V-938,260,299,10832,21101.38,2010,17.93
Modelo W-939,460,442,3111,402833.37,1988,19.94
Modelo X-940,119,108,3603,542797.03,2022,19.66
Modelo Y-941,336,324,3742,566949.33,1992,81.87
Modelo Z-942,953,416,12387,247949.65,1996,34.93
Modelo A-943,268,341,2777,460178.73,2010,72.6
Modelo B-944,974,153,2417,339528.74,2023,29.06
Modelo C-945,37,315,8683,295109.58,1974,31.01
Modelo D-946,398,476,4022,63910.7,1968,31.92
Modelo E-947,380,365,8177,446932.6,2016,56.79
Modelo F-948,679,71,9251,463572.26,1984,68.8
Modelo G-949,326,421,1716,347748.79,1979,38.89
Modelo H-950,944,178,3875,219818.57,1985,78.11
Modelo J-951,401,78,7226,104562.05,1997,50.39
Modelo K-952,189,165,11276,128688.37,2016,16.77
Modelo L-953,72,275,14818,158779.03,1996,53.98
Modelo M-954,561,123,6202,48177.18,1968,43.69
Modelo N-955,18,323,11134,436482.24,2001,40.93
Modelo P-956,924,123,2700,415325.22,1960,41.68
Modelo Q-957,60,338,14331,241703.45,1975,74.99
Modelo R-958,644,440,1576,344728.67,1969,16.39
Modelo S-959,933,471,8805,563268.4,2009,34.77
Modelo T-960,397,365,8367,547491.03,1990,62.8
Modelo U-961,257,363,6654,588376.7,2018,48.54
Modelo V-962,466,128,9789,529474.92,1988,25.11
Modelo W-963,749,376,3856,578378.22,2009,84.94
Modelo X-964,377,132,13124,27248.22,1998,25.08
Modelo Y-965,421,285,12643,529685.94,1989,84.12
Modelo Z-966,861,114,11264,221470.7,2011,44.48
Modelo A-967,472,263,13016,279602.41,2009,47.45
Modelo B-968,334,222,11901,248346.59,1986,32.22
Modelo C-969,196,414,10312,128842.13,2006,78.02
Modelo D-970,884,330,13516,478365.81,2007,60.08
Modelo E-971,403,159,3315,290085.98,2017,36.02
Modelo F-972,979,476,13690,524014.89,2012,18.56
Modelo G-973,346,161,10038,535605.92,2009,80.6
Modelo H-974,185,271,8257,28943.71,1986,42.02
Modelo J-975,177,391,5478,590425.04,1979,59.89
Modelo K-976,801,344,14120,130718.7,2012,37.15
Modelo L-977,889,175,13099,91374.72,2022,37.14
Modelo M-978,628,440,9693,445160.81,1964,62.33
Modelo N-979,67,452,2404,27557.65,1966,38.21
Modelo P-980,321,96,15775,223667.37,1979,82.06
Modelo Q-981,861,207,2081,227319.94,2000,55.84
Modelo R-982,458,474,8783,213093.15,1982,35.28
Modelo S-983,822,101,10205,108490.26,1979,26.43
Modelo T-984,546,110,15913,376699.0,1980,54.32
Modelo U-985,481,371,12466,590232.27,1991,83.33
Modelo V-986,969,389,3402,546873.12,1972,67.9
Modelo W-987,902,119,7241,291595.66,2021,26.93
Modelo X-988,601,60,12274,592847.24,2006,80.17
Modelo Y-989,586,349,3979,276690.05,1962,82.92
Modelo Z-990,581,393,6633,533078.26,1970,77.05
Modelo A-991,182,85,3210,380058.19,2010,79.17
Modelo B-992,958,106,13959,576842.42,1985,82.31
Modelo C-993,300,214,12655,478777.39,1970,39.83
Modelo D-994,507,459,1261,378789.38,2013,84.42
Modelo E-995,872,236,5140,127333.54,1995,83.74
Modelo F-996,502,62,6219,544902.74,1966,60.46
Modelo G-997,314,408,5310,277624.67,2015,38.63
Modelo H-998,768,189,13447,399165.63,1970,38.3
Modelo J-999,134,66,15287,587275.47,1961,66.42
Modelo K-1000,310,59,7236,131790.8,2020,41.6
Modelo L-1001,712,68,12008,173115.96,2008,38.49
Modelo M-1002,525,461,14985,596287.04,2014,43.5
Modelo N-1003,136,225,6672,435683.51,1984,49.22
Modelo P-1004,86,186,15964,278176.42,1970,71.38
Modelo Q-1005,883,213,9336,539054.2,1962,71.75
Modelo R-1006,781,462,2753,157132.2,1982,41.14
Modelo S-1007,586,128,14131,153613.02,1971,75.46
Modelo T-1008,741,54,1220,445854.56,2003,75.91
Modelo U-1009,73,366,3559,355911.63,2018,59.17
Modelo V-1010,805,219,11894,76912.15,1975,18.93
Modelo W-1011,205,121,13223,557038.73,1983,21.42
Modelo X-1012,4,96,8093,478081.75,1989,29.72
Modelo Y-1013,82,417,7338,202436.9,1984,48.32
Modelo Z-1014,726,151,9115,369192.83,1983,47.84
Modelo A-1015,693,424,10696,521029.81,1967,45.98
Modelo B-1016,7,309,2303,117872.78,1985,33.43
Modelo C-1017,556,499,10427,584043.37,1975,64.2
Modelo D-1018,193,88,4064,511440.54,1989,26.37
Modelo E-1019,857,375,10704,188580.91,2012,50.47
Modelo F-1020,224,196,7988,161805.63,2004,66.48
Modelo G-1021,8,321,11728,535975.3,1992,34.7
Modelo H-1022,67,132,2009,51728.04,2004,78.19
Modelo J-1023,635,80,13380,493356.55,1970,62.18
Modelo K-1024,457,416,1196,586643.08,1971,37.29
Modelo L-1025,939,444,15982,226465.68,1968,54.84
Modelo M-1026,860,422,6227,278710.37,2021,40.93
Modelo N-1027,782,203,9013,198382.68,1984,30.97
Modelo P-1028,44,137,12319,221443.55,2019,76.6
Modelo Q-1029,946,216,14045,510191.74,2011,47.45
Modelo R-1030,464,287,3501,98118.49,2009,44.37
Modelo S-1031,895,62,3284,476135.2,2008,84.28
Modelo T-1032,153,373,7544,228940.38,2015,70.4
Modelo U-1033,928,388,3830,103357.61,1983,30.19
Modelo V-1034,401,58,8737,102691.4,2003,28.84
Modelo W-1035,402,304,3593,192560.45,1995,30.94
Modelo X-1036,622,299,12857,306995.08,2015,81.31
Modelo Y-1037,500,131,11908,49959.84,1973,19.68
Modelo Z-1038,723,215,8810,370573.33,1978,31.46
Modelo A-1039,823,303,4545,258562.07,1961,81.98
Modelo B-1040,163,373,6547,383818.54,2014,57.81
Modelo C-1041,133,356,9677,179909.82,2007,71.5
Modelo D-1042,132,492,7054,345716.7,2020,19.42
Modelo E-1043,379,278,7832,158974.26,2001,63.18
Modelo F-1044,925,496,6120,385814.79,2020,70.08
Modelo G-1045,349,334,10457,479383.54,1984,78.13
Modelo H-1046,801,214,11365,349780.85,1989,64.57
Modelo J-1047,243,362,14325,494499.34,2022,54.43
Modelo K-1048,321,59,9371,530225.98,2009,67.51
Modelo L-1049,330,369,2332,324602.8,2019,57.18
Modelo M-1050,273,422,2096,277948.68,1984,70.39
Modelo N-1051,729,191,3344,227812.74,1967,48.16
Modelo P-1052,649,164,1050,206420.41,2021,54.33
Modelo Q-1053,280,451,6243,298548.16,2000,57.33
Modelo R-1054,205,324,14502,489276.23,1984,82.04
Modelo S-1055,620,355,2972,187937.45,1967,66.48
Modelo T-1056,537,149,14088,309915.61,1991,70.35
Modelo U-1057,718,266,14411,513830.09,1998,33.27
Modelo V-1058,304,123,1414,31860.42,2013,20.51
Modelo W-1059,795,288,15906,595893.15,2017,58.81
Modelo X-1060,161,334,10729,274821.48,2000,22.54
Modelo Y-1061,467,190,5521,130701.7,2018,34.93
Modelo Z-1062,132,350,6288,574321.75,1975,18.67
Modelo A-1063,566,217,8816,230760.87,2000,73.23
Modelo B-1064,564,242,1417,382900.85,2001,42.69
Modelo C-1065,628,217,14698,459910.93,1996,37.68
Modelo D-1066,583,437,1645,531706.87,1967,65.59
Modelo E-1067,136,415,9137,52368.57,1968,24.79
Modelo F-1068,536,102,3676,564971.83,1990,21.43
Modelo G-1069,996,234,6850,212822.46,2012,39.05
Modelo H-1070,505,85,7562,333890.16,2013,59.93
Modelo J-1071,712,252,3539,335637.05,1971,72.01
Modelo K-1072,163,279,2888,461216.98,1993,30.92
Modelo L-1073,661,78,12198,341245.48,1966,60.0
Modelo M-1074,231,407,8842,39800.98,1988,68.1
Modelo N-1075,978,128,15261,95538.77,2000,37.61
Modelo P-1076,650,437,11981,246548.14,2025,68.59
Modelo Q-1077,25,302,11971,433124.17,2013,53.5
Modelo R-1078,205,70,10661,36063.27,1989,55.79
Modelo S-1079,358,53,12498,62167.05,2007,50.64
Modelo T-1080,169,474,7507,139475.32,1960,79.06
Modelo U-1081,638,431,5610,170403.33,2007,50.76
Modelo V-1082,855,131,4302,456190.31,1992,38.41
Modelo W-1083,920,217,5265,244689.98,1996,46.62
Modelo X-1084,618,278,11672,408030.13,2011,29.32
Modelo Y-1085,43,107,7348,485711.95,1986,29.01
Modelo Z-1086,754,341,13243,189686.72,1987,77.07
Modelo A-1087,311,468,6913,286311.17,1989,54.68
Modelo B-1088,259,481,4552,313993.14,1999,15.87
Modelo C-1089,186,474,15096,210350.23,2023,81.28
Modelo D-1090,738,248,6363,282862.34,2010,57.13
Modelo E-1091,943,134,9055,295902.71,1996,70.65
Modelo F-1092,878,391,5071,60439.36,1973,76.91
Modelo G-1093,32,486,11146,44266.4,1961,81.28
Modelo H-1094,311,50,8291,238131.24,1980,21.81
Modelo J-1095,221,238,11580,126609.49,2014,66.93
Modelo K-1096,78,240,5587,259229.91,1962,35.82
Modelo L-1097,921,67,2967,191699.32,1993,46.98
Modelo M-1098,937,459,4353,85390.14,1963,76.62
Modelo N-1099,179,293,1235,80863.26,1990,46.87
