codigo,descricao,cor_hex,ordem_exibicao
PROGRAMADO,Voo programado aguardando execução,#3498DB,1
EMBARQUE,Embarque de passageiros em andamento,#F39C12,2
EM_VOO,Aeronave em voo,#27AE60,3
ATERRISSADO,Aeronave aterrissou no destino,#2ECC71,4
CANCELADO,Voo cancelado,#E74C3C,5
ATRASADO,Voo com atraso,#E67E22,6
DESVIADO,Voo desviado para outro aeroporto,#9B59B6,7
TAXIANDO,Aeronave em taxiamento na pista,#1ABC9C,8
PORTAO_ABERTO,Portão de embarque aberto,#F1C40F,9
PORTAO_FECHADO,Portão de embarque fechado,#E74C3C,10
DECOLANDO,Aeronave em procedimento de decolagem,#3498DB,11
APROXIMACAO,Aeronave em aproximação final,#2980B9,12
MANUTENCAO,Voo suspenso por manutenção,#95A5A6,13
AGUARDANDO_PISTA,Aguardando liberação de pista,#D35400,14
CHECK_IN_ABERTO,Check-in disponível para passageiros,#16A085,15
CONCLUIDO,Voo concluído com sucesso,#27AE60,16
SUSPENSO,Voo suspenso temporariamente,#BDC3C7,17
REAGENDADO,Voo reagendado para nova data,#8E44AD,18
EMERGENCIA,Voo em situação de emergência,#C0392B,19
PRE_VOO,Preparação pré-voo em andamento,#2C3E50,20
PROGRAMADO_1,Variante 1 do status programado,#CC1A53,21
EMBARQUE_1,Variante 1 do status embarque,#8D6627,22
EM_VOO_1,Variante 1 do status em voo,#2E11F2,23
ATERRISSADO_1,Variante 1 do status aterrissado,#FA5C23,24
CANCELADO_1,Variante 1 do status cancelado,#52E132,25
ATRASADO_1,Variante 1 do status atrasado,#D8FD01,26
DESVIADO_1,Variante 1 do status desviado,#15D2BD,27
TAXIANDO_1,Variante 1 do status taxiando,#06B8D8,28
PORTAO_ABERTO_1,Variante 1 do status portao aberto,#31E220,29
PORTAO_FECHADO_1,Variante 1 do status portao fechado,#BB8451,30
DECOLANDO_1,Variante 1 do status decolando,#E540F5,31
APROXIMACAO_1,Variante 1 do status aproximacao,#36FD6A,32
MANUTENCAO_1,Variante 1 do status manutencao,#4BD7F9,33
AGUARDANDO_PIS_1,Variante 1 do status aguardando pista,#0F9B57,34
CHECK_IN_ABERT_1,Variante 1 do status check in aberto,#376394,35
CONCLUIDO_1,Variante 1 do status concluido,#AF78DD,36
SUSPENSO_1,Variante 1 do status suspenso,#1F217F,37
REAGENDADO_1,Variante 1 do status reagendado,#ED4A04,38
EMERGENCIA_1,Variante 1 do status emergencia,#2B3B10,39
PRE_VOO_1,Variante 1 do status pre voo,#6416B5,40
PROGRAMADO_2,Variante 2 do status programado,#15BC16,41
EMBARQUE_2,Variante 2 do status embarque,#D1324B,42
EM_VOO_2,Variante 2 do status em voo,#E7EAC8,43
ATERRISSADO_2,Variante 2 do status aterrissado,#340D9F,44
CANCELADO_2,Variante 2 do status cancelado,#7E35A4,45
ATRASADO_2,Variante 2 do status atrasado,#1B9690,46
DESVIADO_2,Variante 2 do status desviado,#EC8435,47
TAXIANDO_2,Variante 2 do status taxiando,#755842,48
PORTAO_ABERTO_2,Variante 2 do status portao aberto,#AA0E29,49
PORTAO_FECHADO_2,Variante 2 do status portao fechado,#28CF6E,50
DECOLANDO_2,Variante 2 do status decolando,#187907,51
APROXIMACAO_2,Variante 2 do status aproximacao,#9350BB,52
MANUTENCAO_2,Variante 2 do status manutencao,#B8E4DE,53
AGUARDANDO_PIS_2,Variante 2 do status aguardando pista,#8D1499,54
CHECK_IN_ABERT_2,Variante 2 do status check in aberto,#FBEBC4,55
CONCLUIDO_2,Variante 2 do status concluido,#99B89B,56
SUSPENSO_2,Variante 2 do status suspenso,#662425,57
REAGENDADO_2,Variante 2 do status reagendado,#CD1DB0,58
EMERGENCIA_2,Variante 2 do status emergencia,#59970F,59
PRE_VOO_2,Variante 2 do status pre voo,#3A7930,60
PROGRAMADO_3,Variante 3 do status programado,#64A2AC,61
EMBARQUE_3,Variante 3 do status embarque,#0CB14B,62
EM_VOO_3,Variante 3 do status em voo,#08EC88,63
ATERRISSADO_3,Variante 3 do status aterrissado,#DEC4EA,64
CANCELADO_3,Variante 3 do status cancelado,#5D0B2C,65
ATRASADO_3,Variante 3 do status atrasado,#B2A76B,66
DESVIADO_3,Variante 3 do status desviado,#B5EE46,67
TAXIANDO_3,Variante 3 do status taxiando,#E4C591,68
PORTAO_ABERTO_3,Variante 3 do status portao aberto,#DA10AA,69
PORTAO_FECHADO_3,Variante 3 do status portao fechado,#DBE572,70
DECOLANDO_3,Variante 3 do status decolando,#81ECEA,71
APROXIMACAO_3,Variante 3 do status aproximacao,#FE0A89,72
MANUTENCAO_3,Variante 3 do status manutencao,#0F32BF,73
AGUARDANDO_PIS_3,Variante 3 do status aguardando pista,#68BC56,74
CHECK_IN_ABERT_3,Variante 3 do status check in aberto,#3DB1B3,75
CONCLUIDO_3,Variante 3 do status concluido,#02CC87,76
SUSPENSO_3,Variante 3 do status suspenso,#AAE2F2,77
REAGENDADO_3,Variante 3 do status reagendado,#65DEB6,78
EMERGENCIA_3,Variante 3 do status emergencia,#669652,79
PRE_VOO_3,Variante 3 do status pre voo,#CE1EF2,80
PROGRAMADO_4,Variante 4 do status programado,#502BD6,81
EMBARQUE_4,Variante 4 do status embarque,#E10307,82
EM_VOO_4,Variante 4 do status em voo,#822945,83
ATERRISSADO_4,Variante 4 do status aterrissado,#DFFCB4,84
CANCELADO_4,Variante 4 do status cancelado,#C98918,85
ATRASADO_4,Variante 4 do status atrasado,#DFA568,86
DESVIADO_4,Variante 4 do status desviado,#4C3E65,87
TAXIANDO_4,Variante 4 do status taxiando,#2869F5,88
PORTAO_ABERTO_4,Variante 4 do status portao aberto,#B4DB0D,89
PORTAO_FECHADO_4,Variante 4 do status portao fechado,#20CE61,90
DECOLANDO_4,Variante 4 do status decolando,#7B2915,91
APROXIMACAO_4,Variante 4 do status aproximacao,#46C509,92
MANUTENCAO_4,Variante 4 do status manutencao,#F333A5,93
AGUARDANDO_PIS_4,Variante 4 do status aguardando pista,#09B7D3,94
CHECK_IN_ABERT_4,Variante 4 do status check in aberto,#106D65,95
CONCLUIDO_4,Variante 4 do status concluido,#1D7B3D,96
SUSPENSO_4,Variante 4 do status suspenso,#8831B9,97
REAGENDADO_4,Variante 4 do status reagendado,#CE53F6,98
EMERGENCIA_4,Variante 4 do status emergencia,#D46131,99
PRE_VOO_4,Variante 4 do status pre voo,#D9E377,100
PROGRAMADO_5,Variante 5 do status programado,#33491C,101
EMBARQUE_5,Variante 5 do status embarque,#9F0721,102
EM_VOO_5,Variante 5 do status em voo,#A9213E,103
ATERRISSADO_5,Variante 5 do status aterrissado,#0CC411,104
CANCELADO_5,Variante 5 do status cancelado,#22B827,105
ATRASADO_5,Variante 5 do status atrasado,#3BA334,106
DESVIADO_5,Variante 5 do status desviado,#19E54D,107
TAXIANDO_5,Variante 5 do status taxiando,#E4D430,108
PORTAO_ABERTO_5,Variante 5 do status portao aberto,#F8A799,109
PORTAO_FECHADO_5,Variante 5 do status portao fechado,#EF49A1,110
DECOLANDO_5,Variante 5 do status decolando,#3FA751,111
APROXIMACAO_5,Variante 5 do status aproximacao,#812FA5,112
MANUTENCAO_5,Variante 5 do status manutencao,#131FA2,113
AGUARDANDO_PIS_5,Variante 5 do status aguardando pista,#0A0F48,114
CHECK_IN_ABERT_5,Variante 5 do status check in aberto,#867FDA,115
CONCLUIDO_5,Variante 5 do status concluido,#78CEB2,116
SUSPENSO_5,Variante 5 do status suspenso,#22C9A5,117
REAGENDADO_5,Variante 5 do status reagendado,#8A0347,118
EMERGENCIA_5,Variante 5 do status emergencia,#018CBD,119
PRE_VOO_5,Variante 5 do status pre voo,#A14DD6,120
PROGRAMADO_6,Variante 6 do status programado,#7FA301,121
EMBARQUE_6,Variante 6 do status embarque,#21ADC3,122
EM_VOO_6,Variante 6 do status em voo,#A22208,123
ATERRISSADO_6,Variante 6 do status aterrissado,#582030,124
CANCELADO_6,Variante 6 do status cancelado,#15A7F1,125
ATRASADO_6,Variante 6 do status atrasado,#82D3BD,126
DESVIADO_6,Variante 6 do status desviado,#136757,127
TAXIANDO_6,Variante 6 do status taxiando,#9862CF,128
PORTAO_ABERTO_6,Variante 6 do status portao aberto,#FE6A70,129
PORTAO_FECHADO_6,Variante 6 do status portao fechado,#CA3D77,130
DECOLANDO_6,Variante 6 do status decolando,#FC537B,131
APROXIMACAO_6,Variante 6 do status aproximacao,#728647,132
MANUTENCAO_6,Variante 6 do status manutencao,#21573B,133
AGUARDANDO_PIS_6,Variante 6 do status aguardando pista,#65B742,134
CHECK_IN_ABERT_6,Variante 6 do status check in aberto,#ED2ECF,135
CONCLUIDO_6,Variante 6 do status concluido,#E0C6E1,136
SUSPENSO_6,Variante 6 do status suspenso,#3D9511,137
REAGENDADO_6,Variante 6 do status reagendado,#D44357,138
EMERGENCIA_6,Variante 6 do status emergencia,#C3B280,139
PRE_VOO_6,Variante 6 do status pre voo,#95D1C4,140
PROGRAMADO_7,Variante 7 do status programado,#34409B,141
EMBARQUE_7,Variante 7 do status embarque,#D25FCE,142
EM_VOO_7,Variante 7 do status em voo,#C39607,143
ATERRISSADO_7,Variante 7 do status aterrissado,#32FBB9,144
CANCELADO_7,Variante 7 do status cancelado,#4C004F,145
ATRASADO_7,Variante 7 do status atrasado,#6EBCB8,146
DESVIADO_7,Variante 7 do status desviado,#F84C13,147
TAXIANDO_7,Variante 7 do status taxiando,#92C472,148
PORTAO_ABERTO_7,Variante 7 do status portao aberto,#19242E,149
PORTAO_FECHADO_7,Variante 7 do status portao fechado,#F854B9,150
DECOLANDO_7,Variante 7 do status decolando,#F5B463,151
APROXIMACAO_7,Variante 7 do status aproximacao,#8847F9,152
MANUTENCAO_7,Variante 7 do status manutencao,#7F198C,153
AGUARDANDO_PIS_7,Variante 7 do status aguardando pista,#7772F3,154
CHECK_IN_ABERT_7,Variante 7 do status check in aberto,#593024,155
CONCLUIDO_7,Variante 7 do status concluido,#A50711,156
SUSPENSO_7,Variante 7 do status suspenso,#DFB088,157
REAGENDADO_7,Variante 7 do status reagendado,#5DB42F,158
EMERGENCIA_7,Variante 7 do status emergencia,#6BFFBA,159
PRE_VOO_7,Variante 7 do status pre voo,#9405AF,160
PROGRAMADO_8,Variante 8 do status programado,#3A5623,161
EMBARQUE_8,Variante 8 do status embarque,#E46305,162
EM_VOO_8,Variante 8 do status em voo,#078194,163
ATERRISSADO_8,Variante 8 do status aterrissado,#224D3F,164
CANCELADO_8,Variante 8 do status cancelado,#8739E9,165
ATRASADO_8,Variante 8 do status atrasado,#548D96,166
DESVIADO_8,Variante 8 do status desviado,#DC901D,167
TAXIANDO_8,Variante 8 do status taxiando,#477545,168
PORTAO_ABERTO_8,Variante 8 do status portao aberto,#0D781A,169
PORTAO_FECHADO_8,Variante 8 do status portao fechado,#6DBE44,170
DECOLANDO_8,Variante 8 do status decolando,#EF3DD0,171
APROXIMACAO_8,Variante 8 do status aproximacao,#1A1A27,172
MANUTENCAO_8,Variante 8 do status manutencao,#EBE659,173
AGUARDANDO_PIS_8,Variante 8 do status aguardando pista,#57D28A,174
CHECK_IN_ABERT_8,Variante 8 do status check in aberto,#361D27,175
CONCLUIDO_8,Variante 8 do status concluido,#2D9466,176
SUSPENSO_8,Variante 8 do status suspenso,#D24CC3,177
REAGENDADO_8,Variante 8 do status reagendado,#1C1ECC,178
EMERGENCIA_8,Variante 8 do status emergencia,#51145C,179
PRE_VOO_8,Variante 8 do status pre voo,#0E0B3A,180
PROGRAMADO_9,Variante 9 do status programado,#84DC11,181
EMBARQUE_9,Variante 9 do status embarque,#30AE11,182
EM_VOO_9,Variante 9 do status em voo,#2AD932,183
ATERRISSADO_9,Variante 9 do status aterrissado,#786D8A,184
CANCELADO_9,Variante 9 do status cancelado,#BD1EFA,185
ATRASADO_9,Variante 9 do status atrasado,#E5AC4F,186
DESVIADO_9,Variante 9 do status desviado,#4B0FED,187
TAXIANDO_9,Variante 9 do status taxiando,#395263,188
PORTAO_ABERTO_9,Variante 9 do status portao aberto,#2AC09D,189
PORTAO_FECHADO_9,Variante 9 do status portao fechado,#E38FD7,190
DECOLANDO_9,Variante 9 do status decolando,#0B79BC,191
APROXIMACAO_9,Variante 9 do status aproximacao,#945C4B,192
MANUTENCAO_9,Variante 9 do status manutencao,#0FA262,193
AGUARDANDO_PIS_9,Variante 9 do status aguardando pista,#2426E9,194
CHECK_IN_ABERT_9,Variante 9 do status check in aberto,#CC49F1,195
CONCLUIDO_9,Variante 9 do status concluido,#852367,196
SUSPENSO_9,Variante 9 do status suspenso,#9BB4D7,197
REAGENDADO_9,Variante 9 do status reagendado,#46C77A,198
EMERGENCIA_9,Variante 9 do status emergencia,#524968,199
PRE_VOO_9,Variante 9 do status pre voo,#3D9079,200
PROGRAMADO_10,Variante 10 do status programado,#E70FA8,201
EMBARQUE_10,Variante 10 do status embarque,#B64C4C,202
EM_VOO_10,Variante 10 do status em voo,#775DD7,203
ATERRISSADO_10,Variante 10 do status aterrissado,#E17606,204
CANCELADO_10,Variante 10 do status cancelado,#BF629E,205
ATRASADO_10,Variante 10 do status atrasado,#E015FF,206
DESVIADO_10,Variante 10 do status desviado,#05E7C9,207
TAXIANDO_10,Variante 10 do status taxiando,#585BC1,208
PORTAO_ABERTO_10,Variante 10 do status portao aberto,#1F990A,209
PORTAO_FECHADO_10,Variante 10 do status portao fechado,#0D27A0,210
DECOLANDO_10,Variante 10 do status decolando,#84DD45,211
APROXIMACAO_10,Variante 10 do status aproximacao,#17F918,212
MANUTENCAO_10,Variante 10 do status manutencao,#D66B53,213
AGUARDANDO_PIS_10,Variante 10 do status aguardando pista,#F2D873,214
CHECK_IN_ABERT_10,Variante 10 do status check in aberto,#A3F102,215
CONCLUIDO_10,Variante 10 do status concluido,#F25122,216
SUSPENSO_10,Variante 10 do status suspenso,#2FF90F,217
REAGENDADO_10,Variante 10 do status reagendado,#5C12AC,218
EMERGENCIA_10,Variante 10 do status emergencia,#60B961,219
PRE_VOO_10,Variante 10 do status pre voo,#C2B01D,220
PROGRAMADO_11,Variante 11 do status programado,#2B95E6,221
EMBARQUE_11,Variante 11 do status embarque,#995F5C,222
EM_VOO_11,Variante 11 do status em voo,#CE7419,223
ATERRISSADO_11,Variante 11 do status aterrissado,#2ED992,224
CANCELADO_11,Variante 11 do status cancelado,#2B064F,225
ATRASADO_11,Variante 11 do status atrasado,#50CF38,226
DESVIADO_11,Variante 11 do status desviado,#FFD6A0,227
TAXIANDO_11,Variante 11 do status taxiando,#8A73FB,228
PORTAO_ABERTO_11,Variante 11 do status portao aberto,#54A8AE,229
PORTAO_FECHADO_11,Variante 11 do status portao fechado,#D8D1A6,230
DECOLANDO_11,Variante 11 do status decolando,#4D0614,231
APROXIMACAO_11,Variante 11 do status aproximacao,#ED3D66,232
MANUTENCAO_11,Variante 11 do status manutencao,#C8C1EC,233
AGUARDANDO_PIS_11,Variante 11 do status aguardando pista,#F44B21,234
CHECK_IN_ABERT_11,Variante 11 do status check in aberto,#199CED,235
CONCLUIDO_11,Variante 11 do status concluido,#88C5D9,236
SUSPENSO_11,Variante 11 do status suspenso,#1615C0,237
REAGENDADO_11,Variante 11 do status reagendado,#B59389,238
EMERGENCIA_11,Variante 11 do status emergencia,#756BB1,239
PRE_VOO_11,Variante 11 do status pre voo,#3C5F38,240
PROGRAMADO_12,Variante 12 do status programado,#846DF6,241
EMBARQUE_12,Variante 12 do status embarque,#2D479C,242
EM_VOO_12,Variante 12 do status em voo,#D8D7FA,243
ATERRISSADO_12,Variante 12 do status aterrissado,#3998AE,244
CANCELADO_12,Variante 12 do status cancelado,#B58F72,245
ATRASADO_12,Variante 12 do status atrasado,#DAB35C,246
DESVIADO_12,Variante 12 do status desviado,#1689F2,247
TAXIANDO_12,Variante 12 do status taxiando,#FD1C29,248
PORTAO_ABERTO_12,Variante 12 do status portao aberto,#7F0879,249
PORTAO_FECHADO_12,Variante 12 do status portao fechado,#5AA395,250
DECOLANDO_12,Variante 12 do status decolando,#F99A7D,251
APROXIMACAO_12,Variante 12 do status aproximacao,#9177D8,252
MANUTENCAO_12,Variante 12 do status manutencao,#72C142,253
AGUARDANDO_PIS_12,Variante 12 do status aguardando pista,#AAA734,254
CHECK_IN_ABERT_12,Variante 12 do status check in aberto,#C138D9,255
CONCLUIDO_12,Variante 12 do status concluido,#B54511,256
SUSPENSO_12,Variante 12 do status suspenso,#36C9DE,257
REAGENDADO_12,Variante 12 do status reagendado,#EBA482,258
EMERGENCIA_12,Variante 12 do status emergencia,#CBDB63,259
PRE_VOO_12,Variante 12 do status pre voo,#5D0B17,260
PROGRAMADO_13,Variante 13 do status programado,#95F06B,261
EMBARQUE_13,Variante 13 do status embarque,#172034,262
EM_VOO_13,Variante 13 do status em voo,#D7E037,263
ATERRISSADO_13,Variante 13 do status aterrissado,#90EA9D,264
CANCELADO_13,Variante 13 do status cancelado,#C0AC4E,265
ATRASADO_13,Variante 13 do status atrasado,#C47858,266
DESVIADO_13,Variante 13 do status desviado,#7F4FB2,267
TAXIANDO_13,Variante 13 do status taxiando,#8797FA,268
PORTAO_ABERTO_13,Variante 13 do status portao aberto,#DBCE4A,269
PORTAO_FECHADO_13,Variante 13 do status portao fechado,#0D1E33,270
DECOLANDO_13,Variante 13 do status decolando,#880294,271
APROXIMACAO_13,Variante 13 do status aproximacao,#E7F773,272
MANUTENCAO_13,Variante 13 do status manutencao,#9FF210,273
AGUARDANDO_PIS_13,Variante 13 do status aguardando pista,#4DAA3B,274
CHECK_IN_ABERT_13,Variante 13 do status check in aberto,#212836,275
CONCLUIDO_13,Variante 13 do status concluido,#E34CF2,276
SUSPENSO_13,Variante 13 do status suspenso,#05F26F,277
REAGENDADO_13,Variante 13 do status reagendado,#4E4F5D,278
EMERGENCIA_13,Variante 13 do status emergencia,#AD10AF,279
PRE_VOO_13,Variante 13 do status pre voo,#3454D3,280
PROGRAMADO_14,Variante 14 do status programado,#C5994C,281
EMBARQUE_14,Variante 14 do status embarque,#48E0BF,282
EM_VOO_14,Variante 14 do status em voo,#51D241,283
ATERRISSADO_14,Variante 14 do status aterrissado,#B60D73,284
CANCELADO_14,Variante 14 do status cancelado,#7C7F36,285
ATRASADO_14,Variante 14 do status atrasado,#D031EE,286
DESVIADO_14,Variante 14 do status desviado,#8CE945,287
TAXIANDO_14,Variante 14 do status taxiando,#400790,288
PORTAO_ABERTO_14,Variante 14 do status portao aberto,#002CFF,289
PORTAO_FECHADO_14,Variante 14 do status portao fechado,#71AA52,290
DECOLANDO_14,Variante 14 do status decolando,#88266E,291
APROXIMACAO_14,Variante 14 do status aproximacao,#CCDDE9,292
MANUTENCAO_14,Variante 14 do status manutencao,#74B621,293
AGUARDANDO_PIS_14,Variante 14 do status aguardando pista,#15097A,294
CHECK_IN_ABERT_14,Variante 14 do status check in aberto,#DF2F5D,295
CONCLUIDO_14,Variante 14 do status concluido,#466113,296
SUSPENSO_14,Variante 14 do status suspenso,#845E40,297
REAGENDADO_14,Variante 14 do status reagendado,#CA5626,298
EMERGENCIA_14,Variante 14 do status emergencia,#F5841E,299
PRE_VOO_14,Variante 14 do status pre voo,#4D7C43,300
PROGRAMADO_15,Variante 15 do status programado,#E3EDE3,301
EMBARQUE_15,Variante 15 do status embarque,#22E489,302
EM_VOO_15,Variante 15 do status em voo,#D98E62,303
ATERRISSADO_15,Variante 15 do status aterrissado,#0B4AC5,304
CANCELADO_15,Variante 15 do status cancelado,#207745,305
ATRASADO_15,Variante 15 do status atrasado,#2DA93E,306
DESVIADO_15,Variante 15 do status desviado,#998C73,307
TAXIANDO_15,Variante 15 do status taxiando,#25D011,308
PORTAO_ABERTO_15,Variante 15 do status portao aberto,#6DCCA0,309
PORTAO_FECHADO_15,Variante 15 do status portao fechado,#39D415,310
DECOLANDO_15,Variante 15 do status decolando,#7F1F3B,311
APROXIMACAO_15,Variante 15 do status aproximacao,#B72AA1,312
MANUTENCAO_15,Variante 15 do status manutencao,#5394DC,313
AGUARDANDO_PIS_15,Variante 15 do status aguardando pista,#68BD8A,314
CHECK_IN_ABERT_15,Variante 15 do status check in aberto,#D0940B,315
CONCLUIDO_15,Variante 15 do status concluido,#374698,316
SUSPENSO_15,Variante 15 do status suspenso,#771DC1,317
REAGENDADO_15,Variante 15 do status reagendado,#6D3B65,318
EMERGENCIA_15,Variante 15 do status emergencia,#F341AB,319
PRE_VOO_15,Variante 15 do status pre voo,#D0B534,320
PROGRAMADO_16,Variante 16 do status programado,#0037A1,321
EMBARQUE_16,Variante 16 do status embarque,#AEF71B,322
EM_VOO_16,Variante 16 do status em voo,#5F8776,323
ATERRISSADO_16,Variante 16 do status aterrissado,#7F4BD3,324
CANCELADO_16,Variante 16 do status cancelado,#166BC1,325
ATRASADO_16,Variante 16 do status atrasado,#824F77,326
DESVIADO_16,Variante 16 do status desviado,#A476A0,327
TAXIANDO_16,Variante 16 do status taxiando,#30549D,328
PORTAO_ABERTO_16,Variante 16 do status portao aberto,#CD1C87,329
PORTAO_FECHADO_16,Variante 16 do status portao fechado,#AA36FA,330
DECOLANDO_16,Variante 16 do status decolando,#0B3A85,331
APROXIMACAO_16,Variante 16 do status aproximacao,#54C608,332
MANUTENCAO_16,Variante 16 do status manutencao,#B87B5C,333
AGUARDANDO_PIS_16,Variante 16 do status aguardando pista,#8E8CA0,334
CHECK_IN_ABERT_16,Variante 16 do status check in aberto,#9AAB4C,335
CONCLUIDO_16,Variante 16 do status concluido,#FDBE3A,336
SUSPENSO_16,Variante 16 do status suspenso,#4A0EDA,337
REAGENDADO_16,Variante 16 do status reagendado,#863CD0,338
EMERGENCIA_16,Variante 16 do status emergencia,#3FC78D,339
PRE_VOO_16,Variante 16 do status pre voo,#31D95C,340
PROGRAMADO_17,Variante 17 do status programado,#DB9B1A,341
EMBARQUE_17,Variante 17 do status embarque,#A2C1A6,342
EM_VOO_17,Variante 17 do status em voo,#102964,343
ATERRISSADO_17,Variante 17 do status aterrissado,#62F17B,344
CANCELADO_17,Variante 17 do status cancelado,#940BC0,345
ATRASADO_17,Variante 17 do status atrasado,#8C154F,346
DESVIADO_17,Variante 17 do status desviado,#0E776F,347
TAXIANDO_17,Variante 17 do status taxiando,#D5312F,348
PORTAO_ABERTO_17,Variante 17 do status portao aberto,#CDDB6E,349
PORTAO_FECHADO_17,Variante 17 do status portao fechado,#205913,350
DECOLANDO_17,Variante 17 do status decolando,#F0A9E5,351
APROXIMACAO_17,Variante 17 do status aproximacao,#F7EE40,352
MANUTENCAO_17,Variante 17 do status manutencao,#217367,353
AGUARDANDO_PIS_17,Variante 17 do status aguardando pista,#40E8F3,354
CHECK_IN_ABERT_17,Variante 17 do status check in aberto,#847342,355
CONCLUIDO_17,Variante 17 do status concluido,#156ADC,356
SUSPENSO_17,Variante 17 do status suspenso,#0175C2,357
REAGENDADO_17,Variante 17 do status reagendado,#CD2928,358
EMERGENCIA_17,Variante 17 do status emergencia,#EC673A,359
PRE_VOO_17,Variante 17 do status pre voo,#4A79C2,360
PROGRAMADO_18,Variante 18 do status programado,#319CA1,361
EMBARQUE_18,Variante 18 do status embarque,#8B01DD,362
EM_VOO_18,Variante 18 do status em voo,#28C3E1,363
ATERRISSADO_18,Variante 18 do status aterrissado,#E2BD5C,364
CANCELADO_18,Variante 18 do status cancelado,#8AAF7B,365
ATRASADO_18,Variante 18 do status atrasado,#D3D06A,366
DESVIADO_18,Variante 18 do status desviado,#358C54,367
TAXIANDO_18,Variante 18 do status taxiando,#73F46B,368
PORTAO_ABERTO_18,Variante 18 do status portao aberto,#A72432,369
PORTAO_FECHADO_18,Variante 18 do status portao fechado,#5E920A,370
DECOLANDO_18,Variante 18 do status decolando,#C9FE7A,371
APROXIMACAO_18,Variante 18 do status aproximacao,#C0C8C5,372
MANUTENCAO_18,Variante 18 do status manutencao,#87B18C,373
AGUARDANDO_PIS_18,Variante 18 do status aguardando pista,#D828A5,374
CHECK_IN_ABERT_18,Variante 18 do status check in aberto,#7F79C0,375
CONCLUIDO_18,Variante 18 do status concluido,#CAA9E9,376
SUSPENSO_18,Variante 18 do status suspenso,#E1751D,377
REAGENDADO_18,Variante 18 do status reagendado,#9F8C1A,378
EMERGENCIA_18,Variante 18 do status emergencia,#C327B8,379
PRE_VOO_18,Variante 18 do status pre voo,#9FEC61,380
PROGRAMADO_19,Variante 19 do status programado,#2E3B42,381
EMBARQUE_19,Variante 19 do status embarque,#A7975A,382
EM_VOO_19,Variante 19 do status em voo,#AE39D5,383
ATERRISSADO_19,Variante 19 do status aterrissado,#85BE7A,384
CANCELADO_19,Variante 19 do status cancelado,#A08A5E,385
ATRASADO_19,Variante 19 do status atrasado,#193DEB,386
DESVIADO_19,Variante 19 do status desviado,#38A697,387
TAXIANDO_19,Variante 19 do status taxiando,#3F8C3D,388
PORTAO_ABERTO_19,Variante 19 do status portao aberto,#450045,389
PORTAO_FECHADO_19,Variante 19 do status portao fechado,#5C752B,390
DECOLANDO_19,Variante 19 do status decolando,#1DFF41,391
APROXIMACAO_19,Variante 19 do status aproximacao,#F49C87,392
MANUTENCAO_19,Variante 19 do status manutencao,#B8FE6B,393
AGUARDANDO_PIS_19,Variante 19 do status aguardando pista,#7E27AE,394
CHECK_IN_ABERT_19,Variante 19 do status check in aberto,#C352A5,395
CONCLUIDO_19,Variante 19 do status concluido,#16C730,396
SUSPENSO_19,Variante 19 do status suspenso,#B3D87C,397
REAGENDADO_19,Variante 19 do status reagendado,#3A0E0F,398
EMERGENCIA_19,Variante 19 do status emergencia,#240953,399
PRE_VOO_19,Variante 19 do status pre voo,#F2EF26,400
PROGRAMADO_20,Variante 20 do status programado,#283F16,401
EMBARQUE_20,Variante 20 do status embarque,#D84F94,402
EM_VOO_20,Variante 20 do status em voo,#1FAD0C,403
ATERRISSADO_20,Variante 20 do status aterrissado,#74426A,404
CANCELADO_20,Variante 20 do status cancelado,#CA2E77,405
ATRASADO_20,Variante 20 do status atrasado,#6A0E74,406
DESVIADO_20,Variante 20 do status desviado,#D7ADED,407
TAXIANDO_20,Variante 20 do status taxiando,#A0F777,408
PORTAO_ABERTO_20,Variante 20 do status portao aberto,#7F4252,409
PORTAO_FECHADO_20,Variante 20 do status portao fechado,#D25303,410
DECOLANDO_20,Variante 20 do status decolando,#406403,411
APROXIMACAO_20,Variante 20 do status aproximacao,#33344A,412
MANUTENCAO_20,Variante 20 do status manutencao,#851250,413
AGUARDANDO_PIS_20,Variante 20 do status aguardando pista,#A7C23E,414
CHECK_IN_ABERT_20,Variante 20 do status check in aberto,#BEA9B0,415
CONCLUIDO_20,Variante 20 do status concluido,#1C934E,416
SUSPENSO_20,Variante 20 do status suspenso,#C20A0C,417
REAGENDADO_20,Variante 20 do status reagendado,#F89485,418
EMERGENCIA_20,Variante 20 do status emergencia,#03EE6A,419
PRE_VOO_20,Variante 20 do status pre voo,#192A6A,420
PROGRAMADO_21,Variante 21 do status programado,#0CAF12,421
EMBARQUE_21,Variante 21 do status embarque,#9A2E12,422
EM_VOO_21,Variante 21 do status em voo,#4592F2,423
ATERRISSADO_21,Variante 21 do status aterrissado,#98F0F5,424
CANCELADO_21,Variante 21 do status cancelado,#801C8A,425
ATRASADO_21,Variante 21 do status atrasado,#5B9C64,426
DESVIADO_21,Variante 21 do status desviado,#180AEB,427
TAXIANDO_21,Variante 21 do status taxiando,#962DB1,428
PORTAO_ABERTO_21,Variante 21 do status portao aberto,#C0AF0C,429
PORTAO_FECHADO_21,Variante 21 do status portao fechado,#C005DA,430
DECOLANDO_21,Variante 21 do status decolando,#8C4604,431
APROXIMACAO_21,Variante 21 do status aproximacao,#DEAC43,432
MANUTENCAO_21,Variante 21 do status manutencao,#DCD898,433
AGUARDANDO_PIS_21,Variante 21 do status aguardando pista,#FEB8C5,434
CHECK_IN_ABERT_21,Variante 21 do status check in aberto,#D227DA,435
CONCLUIDO_21,Variante 21 do status concluido,#1999E8,436
SUSPENSO_21,Variante 21 do status suspenso,#A75C17,437
REAGENDADO_21,Variante 21 do status reagendado,#DF21B3,438
EMERGENCIA_21,Variante 21 do status emergencia,#863602,439
PRE_VOO_21,Variante 21 do status pre voo,#52DB49,440
PROGRAMADO_22,Variante 22 do status programado,#07598C,441
EMBARQUE_22,Variante 22 do status embarque,#9F1996,442
EM_VOO_22,Variante 22 do status em voo,#A12699,443
ATERRISSADO_22,Variante 22 do status aterrissado,#D8E0E0,444
CANCELADO_22,Variante 22 do status cancelado,#BA76C9,445
ATRASADO_22,Variante 22 do status atrasado,#FAE51E,446
DESVIADO_22,Variante 22 do status desviado,#E2DD7C,447
TAXIANDO_22,Variante 22 do status taxiando,#AE0991,448
PORTAO_ABERTO_22,Variante 22 do status portao aberto,#0EF13B,449
PORTAO_FECHADO_22,Variante 22 do status portao fechado,#E6B7D5,450
DECOLANDO_22,Variante 22 do status decolando,#9DF684,451
APROXIMACAO_22,Variante 22 do status aproximacao,#A34B16,452
MANUTENCAO_22,Variante 22 do status manutencao,#7103DF,453
AGUARDANDO_PIS_22,Variante 22 do status aguardando pista,#627382,454
CHECK_IN_ABERT_22,Variante 22 do status check in aberto,#0ECAD8,455
CONCLUIDO_22,Variante 22 do status concluido,#D9AD73,456
SUSPENSO_22,Variante 22 do status suspenso,#42FF89,457
REAGENDADO_22,Variante 22 do status reagendado,#7C2B23,458
EMERGENCIA_22,Variante 22 do status emergencia,#BD32FE,459
PRE_VOO_22,Variante 22 do status pre voo,#84242E,460
PROGRAMADO_23,Variante 23 do status programado,#CF124F,461
EMBARQUE_23,Variante 23 do status embarque,#C33490,462
EM_VOO_23,Variante 23 do status em voo,#42F905,463
ATERRISSADO_23,Variante 23 do status aterrissado,#5E5FE4,464
CANCELADO_23,Variante 23 do status cancelado,#D6644C,465
ATRASADO_23,Variante 23 do status atrasado,#AC4AB0,466
DESVIADO_23,Variante 23 do status desviado,#9410C5,467
TAXIANDO_23,Variante 23 do status taxiando,#1BBF1B,468
PORTAO_ABERTO_23,Variante 23 do status portao aberto,#378008,469
PORTAO_FECHADO_23,Variante 23 do status portao fechado,#CB00C9,470
DECOLANDO_23,Variante 23 do status decolando,#AB0252,471
APROXIMACAO_23,Variante 23 do status aproximacao,#B1AD0F,472
MANUTENCAO_23,Variante 23 do status manutencao,#7532A8,473
AGUARDANDO_PIS_23,Variante 23 do status aguardando pista,#1B7E71,474
CHECK_IN_ABERT_23,Variante 23 do status check in aberto,#04B01B,475
CONCLUIDO_23,Variante 23 do status concluido,#D9DA90,476
SUSPENSO_23,Variante 23 do status suspenso,#520E24,477
REAGENDADO_23,Variante 23 do status reagendado,#5F9C21,478
EMERGENCIA_23,Variante 23 do status emergencia,#3CA0CC,479
PRE_VOO_23,Variante 23 do status pre voo,#598D87,480
PROGRAMADO_24,Variante 24 do status programado,#4DE75E,481
EMBARQUE_24,Variante 24 do status embarque,#9695E4,482
EM_VOO_24,Variante 24 do status em voo,#5CB1CA,483
ATERRISSADO_24,Variante 24 do status aterrissado,#E762E3,484
CANCELADO_24,Variante 24 do status cancelado,#DB3AAB,485
ATRASADO_24,Variante 24 do status atrasado,#F4EC3E,486
DESVIADO_24,Variante 24 do status desviado,#F2A95E,487
TAXIANDO_24,Variante 24 do status taxiando,#9F0918,488
PORTAO_ABERTO_24,Variante 24 do status portao aberto,#CD6ED1,489
PORTAO_FECHADO_24,Variante 24 do status portao fechado,#44C7C2,490
DECOLANDO_24,Variante 24 do status decolando,#A1CB70,491
APROXIMACAO_24,Variante 24 do status aproximacao,#227960,492
MANUTENCAO_24,Variante 24 do status manutencao,#C7C0E4,493
AGUARDANDO_PIS_24,Variante 24 do status aguardando pista,#0E351A,494
CHECK_IN_ABERT_24,Variante 24 do status check in aberto,#351270,495
CONCLUIDO_24,Variante 24 do status concluido,#287B37,496
SUSPENSO_24,Variante 24 do status suspenso,#5A8FB0,497
REAGENDADO_24,Variante 24 do status reagendado,#8FD622,498
EMERGENCIA_24,Variante 24 do status emergencia,#332805,499
PRE_VOO_24,Variante 24 do status pre voo,#2F41F7,500
PROGRAMADO_25,Variante 25 do status programado,#BEB988,501
EMBARQUE_25,Variante 25 do status embarque,#809D6C,502
EM_VOO_25,Variante 25 do status em voo,#C6C809,503
ATERRISSADO_25,Variante 25 do status aterrissado,#1EB434,504
CANCELADO_25,Variante 25 do status cancelado,#032211,505
ATRASADO_25,Variante 25 do status atrasado,#07AFEA,506
DESVIADO_25,Variante 25 do status desviado,#37795E,507
TAXIANDO_25,Variante 25 do status taxiando,#F2FCD9,508
PORTAO_ABERTO_25,Variante 25 do status portao aberto,#CACB1F,509
PORTAO_FECHADO_25,Variante 25 do status portao fechado,#F65FE4,510
DECOLANDO_25,Variante 25 do status decolando,#FD3396,511
APROXIMACAO_25,Variante 25 do status aproximacao,#4175D6,512
MANUTENCAO_25,Variante 25 do status manutencao,#644AE1,513
AGUARDANDO_PIS_25,Variante 25 do status aguardando pista,#288402,514
CHECK_IN_ABERT_25,Variante 25 do status check in aberto,#5884ED,515
CONCLUIDO_25,Variante 25 do status concluido,#B77B9B,516
SUSPENSO_25,Variante 25 do status suspenso,#E35F8B,517
REAGENDADO_25,Variante 25 do status reagendado,#06F932,518
EMERGENCIA_25,Variante 25 do status emergencia,#8BE07E,519
PRE_VOO_25,Variante 25 do status pre voo,#E4693B,520
PROGRAMADO_26,Variante 26 do status programado,#4512EC,521
EMBARQUE_26,Variante 26 do status embarque,#D12D4A,522
EM_VOO_26,Variante 26 do status em voo,#86B7F4,523
ATERRISSADO_26,Variante 26 do status aterrissado,#540637,524
CANCELADO_26,Variante 26 do status cancelado,#D9980C,525
ATRASADO_26,Variante 26 do status atrasado,#26FBC8,526
DESVIADO_26,Variante 26 do status desviado,#4B6798,527
TAXIANDO_26,Variante 26 do status taxiando,#38C8E5,528
PORTAO_ABERTO_26,Variante 26 do status portao aberto,#544995,529
PORTAO_FECHADO_26,Variante 26 do status portao fechado,#1B6094,530
DECOLANDO_26,Variante 26 do status decolando,#686464,531
APROXIMACAO_26,Variante 26 do status aproximacao,#80A106,532
MANUTENCAO_26,Variante 26 do status manutencao,#752643,533
AGUARDANDO_PIS_26,Variante 26 do status aguardando pista,#F51B06,534
CHECK_IN_ABERT_26,Variante 26 do status check in aberto,#AF2E53,535
CONCLUIDO_26,Variante 26 do status concluido,#74B943,536
SUSPENSO_26,Variante 26 do status suspenso,#DC33EE,537
REAGENDADO_26,Variante 26 do status reagendado,#B1021C,538
EMERGENCIA_26,Variante 26 do status emergencia,#C590AE,539
PRE_VOO_26,Variante 26 do status pre voo,#189FBC,540
PROGRAMADO_27,Variante 27 do status programado,#EC22F7,541
EMBARQUE_27,Variante 27 do status embarque,#B361A7,542
EM_VOO_27,Variante 27 do status em voo,#566D6D,543
ATERRISSADO_27,Variante 27 do status aterrissado,#BCAB7A,544
CANCELADO_27,Variante 27 do status cancelado,#878A4F,545
ATRASADO_27,Variante 27 do status atrasado,#59831C,546
DESVIADO_27,Variante 27 do status desviado,#9E993F,547
TAXIANDO_27,Variante 27 do status taxiando,#417E4C,548
PORTAO_ABERTO_27,Variante 27 do status portao aberto,#3F2F0E,549
PORTAO_FECHADO_27,Variante 27 do status portao fechado,#771233,550
DECOLANDO_27,Variante 27 do status decolando,#A60A80,551
APROXIMACAO_27,Variante 27 do status aproximacao,#81A5C3,552
MANUTENCAO_27,Variante 27 do status manutencao,#B95BE3,553
AGUARDANDO_PIS_27,Variante 27 do status aguardando pista,#8965CB,554
CHECK_IN_ABERT_27,Variante 27 do status check in aberto,#1823EC,555
CONCLUIDO_27,Variante 27 do status concluido,#101851,556
SUSPENSO_27,Variante 27 do status suspenso,#DBC4FC,557
REAGENDADO_27,Variante 27 do status reagendado,#824931,558
EMERGENCIA_27,Variante 27 do status emergencia,#9C6AE6,559
PRE_VOO_27,Variante 27 do status pre voo,#BC1F6C,560
PROGRAMADO_28,Variante 28 do status programado,#9206A5,561
EMBARQUE_28,Variante 28 do status embarque,#EF37FD,562
EM_VOO_28,Variante 28 do status em voo,#AD5502,563
ATERRISSADO_28,Variante 28 do status aterrissado,#4A9196,564
CANCELADO_28,Variante 28 do status cancelado,#64C431,565
ATRASADO_28,Variante 28 do status atrasado,#2745B8,566
DESVIADO_28,Variante 28 do status desviado,#3909E6,567
TAXIANDO_28,Variante 28 do status taxiando,#47A6B3,568
PORTAO_ABERTO_28,Variante 28 do status portao aberto,#6318DD,569
PORTAO_FECHADO_28,Variante 28 do status portao fechado,#4EEE8F,570
DECOLANDO_28,Variante 28 do status decolando,#E51816,571
APROXIMACAO_28,Variante 28 do status aproximacao,#922898,572
MANUTENCAO_28,Variante 28 do status manutencao,#FB8592,573
AGUARDANDO_PIS_28,Variante 28 do status aguardando pista,#2B73A8,574
CHECK_IN_ABERT_28,Variante 28 do status check in aberto,#E6C8B8,575
CONCLUIDO_28,Variante 28 do status concluido,#E07470,576
SUSPENSO_28,Variante 28 do status suspenso,#CBD987,577
REAGENDADO_28,Variante 28 do status reagendado,#699D86,578
EMERGENCIA_28,Variante 28 do status emergencia,#7C5CE4,579
PRE_VOO_28,Variante 28 do status pre voo,#9641AD,580
PROGRAMADO_29,Variante 29 do status programado,#552CD4,581
EMBARQUE_29,Variante 29 do status embarque,#FA8397,582
EM_VOO_29,Variante 29 do status em voo,#56E5AD,583
ATERRISSADO_29,Variante 29 do status aterrissado,#0FB894,584
CANCELADO_29,Variante 29 do status cancelado,#621D15,585
ATRASADO_29,Variante 29 do status atrasado,#C24EBC,586
DESVIADO_29,Variante 29 do status desviado,#56E502,587
TAXIANDO_29,Variante 29 do status taxiando,#2542E4,588
PORTAO_ABERTO_29,Variante 29 do status portao aberto,#F3102D,589
PORTAO_FECHADO_29,Variante 29 do status portao fechado,#B50F04,590
DECOLANDO_29,Variante 29 do status decolando,#06758C,591
APROXIMACAO_29,Variante 29 do status aproximacao,#1F1E52,592
MANUTENCAO_29,Variante 29 do status manutencao,#22716A,593
AGUARDANDO_PIS_29,Variante 29 do status aguardando pista,#C6281F,594
CHECK_IN_ABERT_29,Variante 29 do status check in aberto,#7E6EA7,595
CONCLUIDO_29,Variante 29 do status concluido,#155A09,596
SUSPENSO_29,Variante 29 do status suspenso,#82862C,597
REAGENDADO_29,Variante 29 do status reagendado,#A86C4E,598
EMERGENCIA_29,Variante 29 do status emergencia,#638367,599
PRE_VOO_29,Variante 29 do status pre voo,#10FF9B,600
PROGRAMADO_30,Variante 30 do status programado,#C5F223,601
EMBARQUE_30,Variante 30 do status embarque,#7586D8,602
EM_VOO_30,Variante 30 do status em voo,#A6665C,603
ATERRISSADO_30,Variante 30 do status aterrissado,#4A26AD,604
CANCELADO_30,Variante 30 do status cancelado,#889577,605
ATRASADO_30,Variante 30 do status atrasado,#7578CC,606
DESVIADO_30,Variante 30 do status desviado,#A97BFC,607
TAXIANDO_30,Variante 30 do status taxiando,#75836F,608
PORTAO_ABERTO_30,Variante 30 do status portao aberto,#9C7577,609
PORTAO_FECHADO_30,Variante 30 do status portao fechado,#060CA7,610
DECOLANDO_30,Variante 30 do status decolando,#124FA5,611
APROXIMACAO_30,Variante 30 do status aproximacao,#352A1E,612
MANUTENCAO_30,Variante 30 do status manutencao,#23642A,613
AGUARDANDO_PIS_30,Variante 30 do status aguardando pista,#CAECF2,614
CHECK_IN_ABERT_30,Variante 30 do status check in aberto,#E18EAA,615
CONCLUIDO_30,Variante 30 do status concluido,#F2C67E,616
SUSPENSO_30,Variante 30 do status suspenso,#92BDFC,617
REAGENDADO_30,Variante 30 do status reagendado,#2248B1,618
EMERGENCIA_30,Variante 30 do status emergencia,#D99796,619
PRE_VOO_30,Variante 30 do status pre voo,#B0D074,620
PROGRAMADO_31,Variante 31 do status programado,#583126,621
EMBARQUE_31,Variante 31 do status embarque,#8EC5F8,622
EM_VOO_31,Variante 31 do status em voo,#8219BC,623
ATERRISSADO_31,Variante 31 do status aterrissado,#823FD6,624
CANCELADO_31,Variante 31 do status cancelado,#B80BB9,625
ATRASADO_31,Variante 31 do status atrasado,#85F759,626
DESVIADO_31,Variante 31 do status desviado,#861620,627
TAXIANDO_31,Variante 31 do status taxiando,#DAE0F3,628
PORTAO_ABERTO_31,Variante 31 do status portao aberto,#1B62AC,629
PORTAO_FECHADO_31,Variante 31 do status portao fechado,#6BA7FC,630
DECOLANDO_31,Variante 31 do status decolando,#B927CC,631
APROXIMACAO_31,Variante 31 do status aproximacao,#21C52A,632
MANUTENCAO_31,Variante 31 do status manutencao,#F341CE,633
AGUARDANDO_PIS_31,Variante 31 do status aguardando pista,#6F54A6,634
CHECK_IN_ABERT_31,Variante 31 do status check in aberto,#E6927F,635
CONCLUIDO_31,Variante 31 do status concluido,#36DCC6,636
SUSPENSO_31,Variante 31 do status suspenso,#07F8BC,637
REAGENDADO_31,Variante 31 do status reagendado,#A41863,638
EMERGENCIA_31,Variante 31 do status emergencia,#7B5A55,639
PRE_VOO_31,Variante 31 do status pre voo,#3F257B,640
PROGRAMADO_32,Variante 32 do status programado,#4B4E89,641
EMBARQUE_32,Variante 32 do status embarque,#E9B97E,642
EM_VOO_32,Variante 32 do status em voo,#82CB3A,643
ATERRISSADO_32,Variante 32 do status aterrissado,#C5A157,644
CANCELADO_32,Variante 32 do status cancelado,#D9E645,645
ATRASADO_32,Variante 32 do status atrasado,#4F5CA0,646
DESVIADO_32,Variante 32 do status desviado,#1F3105,647
TAXIANDO_32,Variante 32 do status taxiando,#9CB5DE,648
PORTAO_ABERTO_32,Variante 32 do status portao aberto,#A1066A,649
PORTAO_FECHADO_32,Variante 32 do status portao fechado,#F66533,650
DECOLANDO_32,Variante 32 do status decolando,#44043F,651
APROXIMACAO_32,Variante 32 do status aproximacao,#F56C38,652
MANUTENCAO_32,Variante 32 do status manutencao,#359539,653
AGUARDANDO_PIS_32,Variante 32 do status aguardando pista,#8C694B,654
CHECK_IN_ABERT_32,Variante 32 do status check in aberto,#E6199C,655
CONCLUIDO_32,Variante 32 do status concluido,#466A5E,656
SUSPENSO_32,Variante 32 do status suspenso,#81F12B,657
REAGENDADO_32,Variante 32 do status reagendado,#C0F174,658
EMERGENCIA_32,Variante 32 do status emergencia,#7710F3,659
PRE_VOO_32,Variante 32 do status pre voo,#12A6D8,660
PROGRAMADO_33,Variante 33 do status programado,#2DD869,661
EMBARQUE_33,Variante 33 do status embarque,#C33ECD,662
EM_VOO_33,Variante 33 do status em voo,#815924,663
ATERRISSADO_33,Variante 33 do status aterrissado,#599D79,664
CANCELADO_33,Variante 33 do status cancelado,#891D08,665
ATRASADO_33,Variante 33 do status atrasado,#43AFDF,666
DESVIADO_33,Variante 33 do status desviado,#684FF7,667
TAXIANDO_33,Variante 33 do status taxiando,#73E89F,668
PORTAO_ABERTO_33,Variante 33 do status portao aberto,#E628DB,669
PORTAO_FECHADO_33,Variante 33 do status portao fechado,#5351E0,670
DECOLANDO_33,Variante 33 do status decolando,#788EFA,671
APROXIMACAO_33,Variante 33 do status aproximacao,#79FE27,672
MANUTENCAO_33,Variante 33 do status manutencao,#34D711,673
AGUARDANDO_PIS_33,Variante 33 do status aguardando pista,#4D490A,674
CHECK_IN_ABERT_33,Variante 33 do status check in aberto,#39B7B2,675
CONCLUIDO_33,Variante 33 do status concluido,#FFFBF5,676
SUSPENSO_33,Variante 33 do status suspenso,#0F671C,677
REAGENDADO_33,Variante 33 do status reagendado,#C8A6BE,678
EMERGENCIA_33,Variante 33 do status emergencia,#50718E,679
PRE_VOO_33,Variante 33 do status pre voo,#6B90F3,680
PROGRAMADO_34,Variante 34 do status programado,#584523,681
EMBARQUE_34,Variante 34 do status embarque,#1947D3,682
EM_VOO_34,Variante 34 do status em voo,#6C9735,683
ATERRISSADO_34,Variante 34 do status aterrissado,#55E7AF,684
CANCELADO_34,Variante 34 do status cancelado,#4A99EF,685
ATRASADO_34,Variante 34 do status atrasado,#3E044D,686
DESVIADO_34,Variante 34 do status desviado,#16EDAD,687
TAXIANDO_34,Variante 34 do status taxiando,#3BE3E1,688
PORTAO_ABERTO_34,Variante 34 do status portao aberto,#07A158,689
PORTAO_FECHADO_34,Variante 34 do status portao fechado,#5EC74C,690
DECOLANDO_34,Variante 34 do status decolando,#75C51B,691
APROXIMACAO_34,Variante 34 do status aproximacao,#59F92B,692
MANUTENCAO_34,Variante 34 do status manutencao,#0114E7,693
AGUARDANDO_PIS_34,Variante 34 do status aguardando pista,#085584,694
CHECK_IN_ABERT_34,Variante 34 do status check in aberto,#204591,695
CONCLUIDO_34,Variante 34 do status concluido,#C599E7,696
SUSPENSO_34,Variante 34 do status suspenso,#EC30B5,697
REAGENDADO_34,Variante 34 do status reagendado,#DE3162,698
EMERGENCIA_34,Variante 34 do status emergencia,#C24108,699
PRE_VOO_34,Variante 34 do status pre voo,#3AAEBA,700
PROGRAMADO_35,Variante 35 do status programado,#1732D2,701
EMBARQUE_35,Variante 35 do status embarque,#0F4202,702
EM_VOO_35,Variante 35 do status em voo,#F63181,703
ATERRISSADO_35,Variante 35 do status aterrissado,#C5C070,704
CANCELADO_35,Variante 35 do status cancelado,#3E4FD1,705
ATRASADO_35,Variante 35 do status atrasado,#05BC8A,706
DESVIADO_35,Variante 35 do status desviado,#2ACF1D,707
TAXIANDO_35,Variante 35 do status taxiando,#974811,708
PORTAO_ABERTO_35,Variante 35 do status portao aberto,#60F297,709
PORTAO_FECHADO_35,Variante 35 do status portao fechado,#BECEC7,710
DECOLANDO_35,Variante 35 do status decolando,#C47668,711
APROXIMACAO_35,Variante 35 do status aproximacao,#2F95E4,712
MANUTENCAO_35,Variante 35 do status manutencao,#93D8DC,713
AGUARDANDO_PIS_35,Variante 35 do status aguardando pista,#1F98B1,714
CHECK_IN_ABERT_35,Variante 35 do status check in aberto,#78704D,715
CONCLUIDO_35,Variante 35 do status concluido,#942762,716
SUSPENSO_35,Variante 35 do status suspenso,#A37E86,717
REAGENDADO_35,Variante 35 do status reagendado,#7CE974,718
EMERGENCIA_35,Variante 35 do status emergencia,#2B8BFC,719
PRE_VOO_35,Variante 35 do status pre voo,#18402E,720
PROGRAMADO_36,Variante 36 do status programado,#F715C1,721
EMBARQUE_36,Variante 36 do status embarque,#8D7F87,722
EM_VOO_36,Variante 36 do status em voo,#D79FAE,723
ATERRISSADO_36,Variante 36 do status aterrissado,#46C90E,724
CANCELADO_36,Variante 36 do status cancelado,#63D563,725
ATRASADO_36,Variante 36 do status atrasado,#A13592,726
DESVIADO_36,Variante 36 do status desviado,#9E6081,727
TAXIANDO_36,Variante 36 do status taxiando,#D13CEF,728
PORTAO_ABERTO_36,Variante 36 do status portao aberto,#A1FE29,729
PORTAO_FECHADO_36,Variante 36 do status portao fechado,#32003F,730
DECOLANDO_36,Variante 36 do status decolando,#11DA60,731
APROXIMACAO_36,Variante 36 do status aproximacao,#01DE66,732
MANUTENCAO_36,Variante 36 do status manutencao,#65A919,733
AGUARDANDO_PIS_36,Variante 36 do status aguardando pista,#08A756,734
CHECK_IN_ABERT_36,Variante 36 do status check in aberto,#EA01AD,735
CONCLUIDO_36,Variante 36 do status concluido,#CEFD7C,736
SUSPENSO_36,Variante 36 do status suspenso,#5D60D6,737
REAGENDADO_36,Variante 36 do status reagendado,#01CBD7,738
EMERGENCIA_36,Variante 36 do status emergencia,#BD7847,739
PRE_VOO_36,Variante 36 do status pre voo,#8ED23B,740
PROGRAMADO_37,Variante 37 do status programado,#A8AA42,741
EMBARQUE_37,Variante 37 do status embarque,#C2251D,742
EM_VOO_37,Variante 37 do status em voo,#E00492,743
ATERRISSADO_37,Variante 37 do status aterrissado,#26292C,744
CANCELADO_37,Variante 37 do status cancelado,#A9AE3C,745
ATRASADO_37,Variante 37 do status atrasado,#0A01D2,746
DESVIADO_37,Variante 37 do status desviado,#17976E,747
TAXIANDO_37,Variante 37 do status taxiando,#DF2FD0,748
PORTAO_ABERTO_37,Variante 37 do status portao aberto,#DD9E9F,749
PORTAO_FECHADO_37,Variante 37 do status portao fechado,#C7A56F,750
DECOLANDO_37,Variante 37 do status decolando,#D81B1B,751
APROXIMACAO_37,Variante 37 do status aproximacao,#898F72,752
MANUTENCAO_37,Variante 37 do status manutencao,#2F1E3B,753
AGUARDANDO_PIS_37,Variante 37 do status aguardando pista,#25CC7D,754
CHECK_IN_ABERT_37,Variante 37 do status check in aberto,#06AD6D,755
CONCLUIDO_37,Variante 37 do status concluido,#C935A4,756
SUSPENSO_37,Variante 37 do status suspenso,#BDEF93,757
REAGENDADO_37,Variante 37 do status reagendado,#99226E,758
EMERGENCIA_37,Variante 37 do status emergencia,#2C4F33,759
PRE_VOO_37,Variante 37 do status pre voo,#2E3B50,760
PROGRAMADO_38,Variante 38 do status programado,#731863,761
EMBARQUE_38,Variante 38 do status embarque,#907B8A,762
EM_VOO_38,Variante 38 do status em voo,#00CFD5,763
ATERRISSADO_38,Variante 38 do status aterrissado,#E4DFED,764
CANCELADO_38,Variante 38 do status cancelado,#A5DA49,765
ATRASADO_38,Variante 38 do status atrasado,#337E1E,766
DESVIADO_38,Variante 38 do status desviado,#CC3290,767
TAXIANDO_38,Variante 38 do status taxiando,#89A89D,768
PORTAO_ABERTO_38,Variante 38 do status portao aberto,#F0599F,769
PORTAO_FECHADO_38,Variante 38 do status portao fechado,#157B79,770
DECOLANDO_38,Variante 38 do status decolando,#07B3E6,771
APROXIMACAO_38,Variante 38 do status aproximacao,#BC0CAE,772
MANUTENCAO_38,Variante 38 do status manutencao,#63A8D0,773
AGUARDANDO_PIS_38,Variante 38 do status aguardando pista,#DC1B65,774
CHECK_IN_ABERT_38,Variante 38 do status check in aberto,#D6E1A9,775
CONCLUIDO_38,Variante 38 do status concluido,#679423,776
SUSPENSO_38,Variante 38 do status suspenso,#96A186,777
REAGENDADO_38,Variante 38 do status reagendado,#481A70,778
EMERGENCIA_38,Variante 38 do status emergencia,#C17ED0,779
PRE_VOO_38,Variante 38 do status pre voo,#CF7DC4,780
PROGRAMADO_39,Variante 39 do status programado,#519081,781
EMBARQUE_39,Variante 39 do status embarque,#C6DE3C,782
EM_VOO_39,Variante 39 do status em voo,#EB10E7,783
ATERRISSADO_39,Variante 39 do status aterrissado,#07E5FF,784
CANCELADO_39,Variante 39 do status cancelado,#77D950,785
ATRASADO_39,Variante 39 do status atrasado,#DDED08,786
DESVIADO_39,Variante 39 do status desviado,#3C938E,787
TAXIANDO_39,Variante 39 do status taxiando,#F1E8B1,788
PORTAO_ABERTO_39,Variante 39 do status portao aberto,#F87898,789
PORTAO_FECHADO_39,Variante 39 do status portao fechado,#253219,790
DECOLANDO_39,Variante 39 do status decolando,#BA6944,791
APROXIMACAO_39,Variante 39 do status aproximacao,#0FAF5F,792
MANUTENCAO_39,Variante 39 do status manutencao,#BDF327,793
AGUARDANDO_PIS_39,Variante 39 do status aguardando pista,#DB85AF,794
CHECK_IN_ABERT_39,Variante 39 do status check in aberto,#5C78EC,795
CONCLUIDO_39,Variante 39 do status concluido,#B9DDEF,796
SUSPENSO_39,Variante 39 do status suspenso,#E835A5,797
REAGENDADO_39,Variante 39 do status reagendado,#27B295,798
EMERGENCIA_39,Variante 39 do status emergencia,#E8B061,799
PRE_VOO_39,Variante 39 do status pre voo,#C10D4B,800
PROGRAMADO_40,Variante 40 do status programado,#0BF7A0,801
EMBARQUE_40,Variante 40 do status embarque,#7936F9,802
EM_VOO_40,Variante 40 do status em voo,#40C528,803
ATERRISSADO_40,Variante 40 do status aterrissado,#0B67E2,804
CANCELADO_40,Variante 40 do status cancelado,#2C880C,805
ATRASADO_40,Variante 40 do status atrasado,#43F164,806
DESVIADO_40,Variante 40 do status desviado,#DCFC5F,807
TAXIANDO_40,Variante 40 do status taxiando,#B78E30,808
PORTAO_ABERTO_40,Variante 40 do status portao aberto,#E8BB0E,809
PORTAO_FECHADO_40,Variante 40 do status portao fechado,#5FA093,810
DECOLANDO_40,Variante 40 do status decolando,#C2A1C4,811
APROXIMACAO_40,Variante 40 do status aproximacao,#0785C7,812
MANUTENCAO_40,Variante 40 do status manutencao,#9AFEDB,813
AGUARDANDO_PIS_40,Variante 40 do status aguardando pista,#284608,814
CHECK_IN_ABERT_40,Variante 40 do status check in aberto,#02FE08,815
CONCLUIDO_40,Variante 40 do status concluido,#BCB1C4,816
SUSPENSO_40,Variante 40 do status suspenso,#47453F,817
REAGENDADO_40,Variante 40 do status reagendado,#254B3D,818
EMERGENCIA_40,Variante 40 do status emergencia,#EC064B,819
PRE_VOO_40,Variante 40 do status pre voo,#B8F01C,820
PROGRAMADO_41,Variante 41 do status programado,#ABD5A6,821
EMBARQUE_41,Variante 41 do status embarque,#A0F315,822
EM_VOO_41,Variante 41 do status em voo,#3C4D78,823
ATERRISSADO_41,Variante 41 do status aterrissado,#EBCFEA,824
CANCELADO_41,Variante 41 do status cancelado,#F92B39,825
ATRASADO_41,Variante 41 do status atrasado,#E9F12D,826
DESVIADO_41,Variante 41 do status desviado,#94E213,827
TAXIANDO_41,Variante 41 do status taxiando,#2E304F,828
PORTAO_ABERTO_41,Variante 41 do status portao aberto,#46A3F8,829
PORTAO_FECHADO_41,Variante 41 do status portao fechado,#F9FF8A,830
DECOLANDO_41,Variante 41 do status decolando,#97F5E3,831
APROXIMACAO_41,Variante 41 do status aproximacao,#C52B60,832
MANUTENCAO_41,Variante 41 do status manutencao,#5EA85B,833
AGUARDANDO_PIS_41,Variante 41 do status aguardando pista,#2635AD,834
CHECK_IN_ABERT_41,Variante 41 do status check in aberto,#3171E2,835
CONCLUIDO_41,Variante 41 do status concluido,#4A1003,836
SUSPENSO_41,Variante 41 do status suspenso,#8F8787,837
REAGENDADO_41,Variante 41 do status reagendado,#2F0DC9,838
EMERGENCIA_41,Variante 41 do status emergencia,#CE3D7F,839
PRE_VOO_41,Variante 41 do status pre voo,#4689E4,840
PROGRAMADO_42,Variante 42 do status programado,#DF19A2,841
EMBARQUE_42,Variante 42 do status embarque,#8854B0,842
EM_VOO_42,Variante 42 do status em voo,#5AA32C,843
ATERRISSADO_42,Variante 42 do status aterrissado,#534FE0,844
CANCELADO_42,Variante 42 do status cancelado,#4825C8,845
ATRASADO_42,Variante 42 do status atrasado,#F47E8A,846
DESVIADO_42,Variante 42 do status desviado,#AB2519,847
TAXIANDO_42,Variante 42 do status taxiando,#261E10,848
PORTAO_ABERTO_42,Variante 42 do status portao aberto,#E607E9,849
PORTAO_FECHADO_42,Variante 42 do status portao fechado,#1B5688,850
DECOLANDO_42,Variante 42 do status decolando,#8756C2,851
APROXIMACAO_42,Variante 42 do status aproximacao,#BB9E33,852
MANUTENCAO_42,Variante 42 do status manutencao,#8865B7,853
AGUARDANDO_PIS_42,Variante 42 do status aguardando pista,#438721,854
CHECK_IN_ABERT_42,Variante 42 do status check in aberto,#35E177,855
CONCLUIDO_42,Variante 42 do status concluido,#B1770E,856
SUSPENSO_42,Variante 42 do status suspenso,#965917,857
REAGENDADO_42,Variante 42 do status reagendado,#BEE5FC,858
EMERGENCIA_42,Variante 42 do status emergencia,#F8E2F5,859
PRE_VOO_42,Variante 42 do status pre voo,#173AEC,860
PROGRAMADO_43,Variante 43 do status programado,#A34EC8,861
EMBARQUE_43,Variante 43 do status embarque,#DEC7BD,862
EM_VOO_43,Variante 43 do status em voo,#40B9FF,863
ATERRISSADO_43,Variante 43 do status aterrissado,#017A4A,864
CANCELADO_43,Variante 43 do status cancelado,#487766,865
ATRASADO_43,Variante 43 do status atrasado,#40AE22,866
DESVIADO_43,Variante 43 do status desviado,#BBFD8E,867
TAXIANDO_43,Variante 43 do status taxiando,#FE6F91,868
PORTAO_ABERTO_43,Variante 43 do status portao aberto,#0007FA,869
PORTAO_FECHADO_43,Variante 43 do status portao fechado,#093F65,870
DECOLANDO_43,Variante 43 do status decolando,#197CE6,871
APROXIMACAO_43,Variante 43 do status aproximacao,#2071F1,872
MANUTENCAO_43,Variante 43 do status manutencao,#CC70D8,873
AGUARDANDO_PIS_43,Variante 43 do status aguardando pista,#7069D0,874
CHECK_IN_ABERT_43,Variante 43 do status check in aberto,#AF310E,875
CONCLUIDO_43,Variante 43 do status concluido,#D1ECAA,876
SUSPENSO_43,Variante 43 do status suspenso,#8CDB15,877
REAGENDADO_43,Variante 43 do status reagendado,#1B0DFE,878
EMERGENCIA_43,Variante 43 do status emergencia,#EB30FE,879
PRE_VOO_43,Variante 43 do status pre voo,#57E60E,880
PROGRAMADO_44,Variante 44 do status programado,#6C2BDB,881
EMBARQUE_44,Variante 44 do status embarque,#45A36B,882
EM_VOO_44,Variante 44 do status em voo,#8E907D,883
ATERRISSADO_44,Variante 44 do status aterrissado,#F0A431,884
CANCELADO_44,Variante 44 do status cancelado,#5AF1B4,885
ATRASADO_44,Variante 44 do status atrasado,#536ED6,886
DESVIADO_44,Variante 44 do status desviado,#A7FC81,887
TAXIANDO_44,Variante 44 do status taxiando,#8F5BF8,888
PORTAO_ABERTO_44,Variante 44 do status portao aberto,#0296D0,889
PORTAO_FECHADO_44,Variante 44 do status portao fechado,#1DE804,890
DECOLANDO_44,Variante 44 do status decolando,#2D8C16,891
APROXIMACAO_44,Variante 44 do status aproximacao,#F89027,892
MANUTENCAO_44,Variante 44 do status manutencao,#5D93CB,893
AGUARDANDO_PIS_44,Variante 44 do status aguardando pista,#5263D0,894
CHECK_IN_ABERT_44,Variante 44 do status check in aberto,#860CF3,895
CONCLUIDO_44,Variante 44 do status concluido,#E7BE54,896
SUSPENSO_44,Variante 44 do status suspenso,#7B11D6,897
REAGENDADO_44,Variante 44 do status reagendado,#2E2034,898
EMERGENCIA_44,Variante 44 do status emergencia,#45C285,899
PRE_VOO_44,Variante 44 do status pre voo,#D6E0FD,900
PROGRAMADO_45,Variante 45 do status programado,#251D25,901
EMBARQUE_45,Variante 45 do status embarque,#C76AB7,902
EM_VOO_45,Variante 45 do status em voo,#BF0C6B,903
ATERRISSADO_45,Variante 45 do status aterrissado,#0332CE,904
CANCELADO_45,Variante 45 do status cancelado,#F68347,905
ATRASADO_45,Variante 45 do status atrasado,#21BF19,906
DESVIADO_45,Variante 45 do status desviado,#1E2A6D,907
TAXIANDO_45,Variante 45 do status taxiando,#B3EEEE,908
PORTAO_ABERTO_45,Variante 45 do status portao aberto,#1E357D,909
PORTAO_FECHADO_45,Variante 45 do status portao fechado,#2ED4BD,910
DECOLANDO_45,Variante 45 do status decolando,#3B7A75,911
APROXIMACAO_45,Variante 45 do status aproximacao,#BE5CC4,912
MANUTENCAO_45,Variante 45 do status manutencao,#008670,913
AGUARDANDO_PIS_45,Variante 45 do status aguardando pista,#5B22D9,914
CHECK_IN_ABERT_45,Variante 45 do status check in aberto,#ED7A0E,915
CONCLUIDO_45,Variante 45 do status concluido,#37EA04,916
SUSPENSO_45,Variante 45 do status suspenso,#2C1EF3,917
REAGENDADO_45,Variante 45 do status reagendado,#A14580,918
EMERGENCIA_45,Variante 45 do status emergencia,#5F3230,919
PRE_VOO_45,Variante 45 do status pre voo,#DAD4A7,920
PROGRAMADO_46,Variante 46 do status programado,#2967E6,921
EMBARQUE_46,Variante 46 do status embarque,#16554E,922
EM_VOO_46,Variante 46 do status em voo,#B9B765,923
ATERRISSADO_46,Variante 46 do status aterrissado,#746F72,924
CANCELADO_46,Variante 46 do status cancelado,#E194DE,925
ATRASADO_46,Variante 46 do status atrasado,#1B4249,926
DESVIADO_46,Variante 46 do status desviado,#45B753,927
TAXIANDO_46,Variante 46 do status taxiando,#663339,928
PORTAO_ABERTO_46,Variante 46 do status portao aberto,#167386,929
PORTAO_FECHADO_46,Variante 46 do status portao fechado,#10CED6,930
DECOLANDO_46,Variante 46 do status decolando,#ECBC79,931
APROXIMACAO_46,Variante 46 do status aproximacao,#244A67,932
MANUTENCAO_46,Variante 46 do status manutencao,#DC4198,933
AGUARDANDO_PIS_46,Variante 46 do status aguardando pista,#A0B8D3,934
CHECK_IN_ABERT_46,Variante 46 do status check in aberto,#078786,935
CONCLUIDO_46,Variante 46 do status concluido,#025B63,936
SUSPENSO_46,Variante 46 do status suspenso,#F7BD67,937
REAGENDADO_46,Variante 46 do status reagendado,#834A3A,938
EMERGENCIA_46,Variante 46 do status emergencia,#2C59F1,939
PRE_VOO_46,Variante 46 do status pre voo,#9FE054,940
PROGRAMADO_47,Variante 47 do status programado,#A78A88,941
EMBARQUE_47,Variante 47 do status embarque,#9608C2,942
EM_VOO_47,Variante 47 do status em voo,#7439C8,943
ATERRISSADO_47,Variante 47 do status aterrissado,#481D64,944
CANCELADO_47,Variante 47 do status cancelado,#EFC852,945
ATRASADO_47,Variante 47 do status atrasado,#D38F85,946
DESVIADO_47,Variante 47 do status desviado,#6D3AB5,947
TAXIANDO_47,Variante 47 do status taxiando,#D3020C,948
PORTAO_ABERTO_47,Variante 47 do status portao aberto,#B07137,949
PORTAO_FECHADO_47,Variante 47 do status portao fechado,#4354A1,950
DECOLANDO_47,Variante 47 do status decolando,#83A169,951
APROXIMACAO_47,Variante 47 do status aproximacao,#8EDCD4,952
MANUTENCAO_47,Variante 47 do status manutencao,#F1C67A,953
AGUARDANDO_PIS_47,Variante 47 do status aguardando pista,#3B2B9B,954
CHECK_IN_ABERT_47,Variante 47 do status check in aberto,#D3ABBB,955
CONCLUIDO_47,Variante 47 do status concluido,#2D1A3B,956
SUSPENSO_47,Variante 47 do status suspenso,#485202,957
REAGENDADO_47,Variante 47 do status reagendado,#F2C1D0,958
EMERGENCIA_47,Variante 47 do status emergencia,#6784BC,959
PRE_VOO_47,Variante 47 do status pre voo,#9F2856,960
PROGRAMADO_48,Variante 48 do status programado,#2A501C,961
EMBARQUE_48,Variante 48 do status embarque,#6D2AD4,962
EM_VOO_48,Variante 48 do status em voo,#2435D6,963
ATERRISSADO_48,Variante 48 do status aterrissado,#122FE5,964
CANCELADO_48,Variante 48 do status cancelado,#840094,965
ATRASADO_48,Variante 48 do status atrasado,#AA21EF,966
DESVIADO_48,Variante 48 do status desviado,#173F2F,967
TAXIANDO_48,Variante 48 do status taxiando,#4EB593,968
PORTAO_ABERTO_48,Variante 48 do status portao aberto,#B41E79,969
PORTAO_FECHADO_48,Variante 48 do status portao fechado,#CE7AF0,970
DECOLANDO_48,Variante 48 do status decolando,#718D05,971
APROXIMACAO_48,Variante 48 do status aproximacao,#5DC93A,972
MANUTENCAO_48,Variante 48 do status manutencao,#232F5D,973
AGUARDANDO_PIS_48,Variante 48 do status aguardando pista,#EFC15B,974
CHECK_IN_ABERT_48,Variante 48 do status check in aberto,#97F23A,975
CONCLUIDO_48,Variante 48 do status concluido,#6D3A57,976
SUSPENSO_48,Variante 48 do status suspenso,#B84A74,977
REAGENDADO_48,Variante 48 do status reagendado,#E02DED,978
EMERGENCIA_48,Variante 48 do status emergencia,#8316D5,979
PRE_VOO_48,Variante 48 do status pre voo,#7BE1BB,980
PROGRAMADO_49,Variante 49 do status programado,#ACBF0D,981
EMBARQUE_49,Variante 49 do status embarque,#4D8231,982
EM_VOO_49,Variante 49 do status em voo,#D762F5,983
ATERRISSADO_49,Variante 49 do status aterrissado,#1EF6A4,984
CANCELADO_49,Variante 49 do status cancelado,#CFAEF0,985
ATRASADO_49,Variante 49 do status atrasado,#8BC7C4,986
DESVIADO_49,Variante 49 do status desviado,#DEEF98,987
TAXIANDO_49,Variante 49 do status taxiando,#13ED08,988
PORTAO_ABERTO_49,Variante 49 do status portao aberto,#DBC8DF,989
PORTAO_FECHADO_49,Variante 49 do status portao fechado,#E546A6,990
DECOLANDO_49,Variante 49 do status decolando,#633401,991
APROXIMACAO_49,Variante 49 do status aproximacao,#70249E,992
MANUTENCAO_49,Variante 49 do status manutencao,#80B3B0,993
AGUARDANDO_PIS_49,Variante 49 do status aguardando pista,#9961FD,994
CHECK_IN_ABERT_49,Variante 49 do status check in aberto,#63F570,995
CONCLUIDO_49,Variante 49 do status concluido,#9B76AA,996
SUSPENSO_49,Variante 49 do status suspenso,#5A8F96,997
REAGENDADO_49,Variante 49 do status reagendado,#A2C657,998
EMERGENCIA_49,Variante 49 do status emergencia,#74A8F3,999
PRE_VOO_49,Variante 49 do status pre voo,#C3E76F,1000
