nome,aeroporto_id,capacidade_gates,tipo,ativo
Terminal W,3580,38,CARGA,False
T30,1284,43,MISTO,True
Terminal I,4901,42,DOMESTICO,True
Terminal P,4037,28,MISTO,True
T16,4878,18,MISTO,True
T13,2169,28,MISTO,True
T6,967,46,CARGA,True
T7,1619,12,CARGA,True
T2,4768,42,INTERNACIONAL,True
T2,3804,11,INTERNACIONAL,True
T29,3094,22,MISTO,True
T12,4377,10,CARGA,True
T12,4867,29,MISTO,True
Terminal H,2254,14,DOMESTICO,True
Terminal M,1273,21,INTERNACIONAL,True
T47,2674,20,MISTO,True
T45,1649,37,INTERNACIONAL,True
Terminal R,1762,17,MISTO,True
T6,2728,15,MISTO,True
Terminal U,4217,10,CARGA,True
T22,3968,21,INTERNACIONAL,True
T45,1812,2,DOMESTICO,True
T25,3824,6,DOMESTICO,True
T36,3744,2,DOMESTICO,True
Terminal O,731,7,MISTO,True
Terminal N,4329,42,CARGA,True
Terminal I,1736,24,INTERNACIONAL,True
T45,1315,6,DOMESTICO,True
T26,3791,23,DOMESTICO,True
T23,526,14,CARGA,True
Terminal C,2985,25,CARGA,True
Terminal R,4961,9,MISTO,True
T46,4945,7,DOMESTICO,False
T8,4738,20,INTERNACIONAL,False
T33,1140,33,INTERNACIONAL,True
T23,116,23,CARGA,True
T32,1197,43,CARGA,True
Terminal B,4536,42,INTERNACIONAL,True
Terminal V,1620,27,CARGA,True
Terminal M,1855,7,MISTO,True
T33,504,23,INTERNACIONAL,True
T35,4121,7,MISTO,True
T30,1524,48,MISTO,True
Terminal D,1809,26,MISTO,True
T11,918,14,INTERNACIONAL,True
Terminal I,4148,28,CARGA,True
T44,1101,48,MISTO,True
T20,419,36,MISTO,True
T6,2127,37,MISTO,True
Terminal R,2753,34,CARGA,True
T14,1327,23,CARGA,True
T50,4554,36,INTERNACIONAL,True
T18,2358,24,MISTO,False
Terminal T,2291,9,DOMESTICO,False
T50,2460,41,CARGA,True
T32,3877,35,MISTO,True
T1,3046,38,DOMESTICO,True
T44,3606,26,CARGA,True
Terminal W,3532,15,INTERNACIONAL,True
Terminal B,1977,4,INTERNACIONAL,True
Terminal Z,2878,40,MISTO,True
T22,1502,27,INTERNACIONAL,True
T2,3994,8,INTERNACIONAL,True
T14,1296,25,CARGA,True
T3,1008,8,DOMESTICO,True
Terminal P,2876,33,INTERNACIONAL,True
T46,2989,14,CARGA,True
T47,2409,42,INTERNACIONAL,True
T18,709,29,MISTO,True
T38,4532,37,CARGA,True
T4,561,22,INTERNACIONAL,True
T49,4207,7,DOMESTICO,True
T43,2283,13,MISTO,True
T2,3965,41,CARGA,True
Terminal Z,1632,9,CARGA,True
Terminal A,1264,43,INTERNACIONAL,True
T43,3447,44,CARGA,True
T35,1255,32,MISTO,True
T25,1821,44,CARGA,True
T50,387,30,MISTO,False
T23,3145,41,DOMESTICO,True
T44,1053,22,CARGA,True
T10,4632,20,DOMESTICO,True
T5,4685,15,DOMESTICO,True
Terminal L,687,22,CARGA,True
T15,4440,21,DOMESTICO,True
Terminal M,1026,35,DOMESTICO,True
T6,81,50,CARGA,True
T22,1892,49,DOMESTICO,True
Terminal S,1407,40,DOMESTICO,True
T26,2901,7,INTERNACIONAL,True
T31,507,49,INTERNACIONAL,True
T31,4224,7,MISTO,True
T9,2633,21,INTERNACIONAL,False
T12,3803,23,CARGA,True
T12,3842,9,MISTO,True
Terminal M,2838,34,INTERNACIONAL,True
Terminal Z,2003,50,INTERNACIONAL,True
T6,1817,47,CARGA,True
T33,2724,49,MISTO,True
T23,4143,27,DOMESTICO,True
Terminal X,479,23,DOMESTICO,True
T29,3128,29,DOMESTICO,True
T20,4716,3,MISTO,True
Terminal K,3495,5,CARGA,True
T22,3357,24,INTERNACIONAL,True
T38,2087,19,DOMESTICO,True
Terminal I,2128,13,MISTO,False
Terminal Z,2130,38,CARGA,True
T1,4218,22,CARGA,True
Terminal I,44,37,INTERNACIONAL,False
T37,4208,8,CARGA,True
T45,4352,9,INTERNACIONAL,True
Terminal S,4766,32,DOMESTICO,True
T50,4145,38,INTERNACIONAL,True
T43,867,32,INTERNACIONAL,True
Terminal A,2724,8,DOMESTICO,True
T33,2966,28,DOMESTICO,True
T41,263,29,CARGA,True
Terminal Q,2617,10,CARGA,True
Terminal L,4892,23,INTERNACIONAL,True
Terminal V,1842,34,DOMESTICO,True
T30,3308,23,DOMESTICO,True
Terminal Z,4008,6,INTERNACIONAL,True
T12,3776,38,INTERNACIONAL,True
Terminal R,2672,47,CARGA,True
Terminal X,3496,24,MISTO,True
T29,4030,44,MISTO,True
Terminal Q,4249,22,CARGA,True
T18,3473,9,CARGA,True
T33,899,12,CARGA,True
T7,2702,36,INTERNACIONAL,True
Terminal L,4383,49,INTERNACIONAL,True
T17,1920,3,INTERNACIONAL,True
Terminal B,3296,47,CARGA,True
T28,4856,42,CARGA,True
T12,2471,29,MISTO,True
T43,2073,11,DOMESTICO,True
T2,4002,41,INTERNACIONAL,True
T17,1042,22,CARGA,True
Terminal F,2290,24,DOMESTICO,True
T18,534,6,INTERNACIONAL,True
T22,3107,5,CARGA,True
T47,3426,29,INTERNACIONAL,True
T12,2184,32,CARGA,True
Terminal L,2523,12,MISTO,True
T6,4249,18,DOMESTICO,False
T33,3020,10,CARGA,True
T21,3133,28,INTERNACIONAL,True
T28,350,33,DOMESTICO,True
T4,4972,15,CARGA,True
T33,3990,18,MISTO,True
T46,275,18,INTERNACIONAL,True
Terminal O,1000,35,INTERNACIONAL,True
Terminal B,451,15,MISTO,False
T17,2012,49,INTERNACIONAL,True
T37,929,14,INTERNACIONAL,True
T2,435,7,DOMESTICO,True
T11,3233,29,MISTO,True
T9,4109,32,CARGA,True
T42,3826,37,MISTO,True
T37,4101,41,MISTO,True
T36,4760,7,DOMESTICO,True
Terminal L,4906,31,MISTO,True
T23,444,39,INTERNACIONAL,True
T20,4679,8,DOMESTICO,True
Terminal R,1673,50,CARGA,True
T25,3259,35,CARGA,True
T48,4968,35,MISTO,True
T4,172,13,CARGA,True
Terminal H,2712,43,INTERNACIONAL,True
Terminal R,2596,18,DOMESTICO,True
Terminal F,1380,48,CARGA,True
Terminal M,3064,16,INTERNACIONAL,True
T11,4611,40,MISTO,True
T6,435,47,CARGA,True
Terminal D,579,36,MISTO,True
Terminal V,4647,50,CARGA,True
T1,2600,35,CARGA,True
Terminal I,3264,11,CARGA,True
Terminal T,3087,9,INTERNACIONAL,True
T26,2629,50,DOMESTICO,True
Terminal P,1857,24,INTERNACIONAL,True
Terminal Y,4196,45,MISTO,True
T50,4722,47,MISTO,True
Terminal W,544,5,DOMESTICO,True
T48,2718,4,MISTO,False
Terminal W,242,19,DOMESTICO,True
Terminal E,3696,15,CARGA,True
T6,1502,33,INTERNACIONAL,True
T13,1676,42,INTERNACIONAL,True
T31,2395,9,CARGA,True
Terminal U,3224,6,CARGA,True
T12,3843,48,INTERNACIONAL,True
Terminal W,4995,8,DOMESTICO,True
Terminal R,4056,33,MISTO,True
Terminal K,1093,47,MISTO,True
T18,3934,3,CARGA,True
T5,3456,7,INTERNACIONAL,True
T10,495,39,CARGA,True
T15,3439,7,CARGA,True
Terminal L,3944,19,MISTO,True
T15,3475,46,CARGA,True
Terminal U,3571,15,CARGA,True
T34,3675,8,CARGA,True
T48,540,39,INTERNACIONAL,True
Terminal L,4957,33,CARGA,True
Terminal A,3919,44,CARGA,True
Terminal Q,12,12,CARGA,True
Terminal U,3473,49,MISTO,True
T31,1500,34,MISTO,True
Terminal B,1,16,CARGA,True
T28,328,20,CARGA,True
T47,2790,21,DOMESTICO,True
T28,4428,36,MISTO,True
T37,4188,46,MISTO,True
Terminal W,1585,2,INTERNACIONAL,True
Terminal V,1157,26,CARGA,True
T1,210,32,MISTO,True
T43,4024,25,MISTO,True
T16,3167,15,DOMESTICO,True
T28,2136,20,INTERNACIONAL,False
Terminal O,4140,16,INTERNACIONAL,True
T33,2835,25,DOMESTICO,True
Terminal U,1132,28,CARGA,True
T22,1955,48,DOMESTICO,True
T22,2583,49,CARGA,True
T47,2347,11,CARGA,True
T7,1192,33,CARGA,True
T46,1651,11,DOMESTICO,True
Terminal H,576,5,INTERNACIONAL,True
T42,4306,45,CARGA,True
T50,3767,17,CARGA,True
T6,4941,44,INTERNACIONAL,True
T6,1664,34,INTERNACIONAL,True
T32,4318,29,INTERNACIONAL,True
T41,3265,39,INTERNACIONAL,True
T32,1006,15,CARGA,True
T23,840,24,INTERNACIONAL,True
T17,2044,4,CARGA,True
T5,4942,32,CARGA,True
Terminal R,2949,9,DOMESTICO,True
T7,4231,40,CARGA,False
T1,1614,20,INTERNACIONAL,True
Terminal H,2875,36,CARGA,True
T27,1264,44,CARGA,True
Terminal H,723,30,CARGA,True
T43,3640,28,CARGA,True
T36,1876,6,DOMESTICO,True
T20,372,43,CARGA,True
T39,3525,38,INTERNACIONAL,True
T2,2962,46,CARGA,True
Terminal U,3478,18,INTERNACIONAL,True
T5,454,17,INTERNACIONAL,True
T35,4556,33,INTERNACIONAL,True
T42,891,36,MISTO,True
T43,910,28,CARGA,True
T49,1157,21,DOMESTICO,True
T35,2985,13,MISTO,True
T45,1671,24,CARGA,True
T41,3251,22,DOMESTICO,False
T45,1146,45,MISTO,True
T20,4163,35,DOMESTICO,False
T40,4824,29,CARGA,True
Terminal U,4657,46,MISTO,True
Terminal C,2565,22,DOMESTICO,True
T14,236,34,CARGA,True
T37,2825,25,MISTO,True
T16,2352,17,CARGA,True
T25,4632,8,DOMESTICO,True
T31,4702,31,INTERNACIONAL,True
T29,1159,21,CARGA,True
T16,693,17,INTERNACIONAL,True
Terminal S,86,33,DOMESTICO,True
Terminal H,2977,32,CARGA,True
T30,3854,46,INTERNACIONAL,True
T15,318,8,MISTO,True
T23,4540,43,DOMESTICO,True
T41,3563,6,INTERNACIONAL,True
T38,308,23,DOMESTICO,True
Terminal K,3298,24,MISTO,True
T47,2838,16,INTERNACIONAL,True
T7,2117,22,MISTO,True
Terminal X,2775,15,INTERNACIONAL,True
T43,2488,41,MISTO,True
Terminal Y,688,41,MISTO,True
T26,3664,38,INTERNACIONAL,True
T5,425,37,DOMESTICO,True
T16,4783,39,DOMESTICO,True
T30,2861,40,MISTO,True
T30,107,15,CARGA,True
Terminal R,522,35,CARGA,True
Terminal O,4117,6,CARGA,True
T23,204,38,INTERNACIONAL,True
Terminal I,1191,19,MISTO,True
T41,3612,39,CARGA,True
T5,4721,2,INTERNACIONAL,True
T21,463,11,DOMESTICO,True
T16,388,26,DOMESTICO,True
Terminal N,1555,38,DOMESTICO,True
Terminal G,3346,18,MISTO,True
T47,4328,28,MISTO,True
Terminal I,4519,37,MISTO,True
T5,127,36,CARGA,True
T33,2522,6,INTERNACIONAL,True
T22,422,18,CARGA,True
Terminal E,3867,23,CARGA,True
Terminal D,1844,48,DOMESTICO,True
Terminal A,3216,39,MISTO,True
Terminal N,3206,25,DOMESTICO,True
T3,1135,23,DOMESTICO,True
T23,3072,29,DOMESTICO,True
Terminal D,2950,24,DOMESTICO,True
T22,2956,46,CARGA,True
T43,3971,38,INTERNACIONAL,True
T48,3902,46,INTERNACIONAL,True
T14,4931,33,MISTO,True
T47,1245,39,DOMESTICO,True
Terminal T,2668,7,CARGA,True
T50,150,9,DOMESTICO,True
T9,3462,33,DOMESTICO,True
Terminal X,2528,18,INTERNACIONAL,True
Terminal J,826,42,DOMESTICO,True
Terminal R,3413,17,CARGA,True
Terminal N,4524,16,INTERNACIONAL,False
T6,4402,8,MISTO,True
T6,1332,33,DOMESTICO,True
T2,3162,14,INTERNACIONAL,True
Terminal T,2165,25,CARGA,True
T25,4526,28,DOMESTICO,True
T45,2734,4,DOMESTICO,False
T46,2952,38,MISTO,True
T44,1764,9,MISTO,True
Terminal G,3052,7,MISTO,True
T17,4453,31,DOMESTICO,True
T36,405,31,MISTO,True
T11,874,35,DOMESTICO,True
T12,936,19,CARGA,True
T18,4888,18,DOMESTICO,True
Terminal A,292,28,MISTO,True
T25,1160,27,CARGA,True
T12,2966,22,MISTO,True
T3,3269,33,CARGA,True
T20,2954,41,DOMESTICO,True
T10,1873,20,INTERNACIONAL,True
Terminal N,4597,29,INTERNACIONAL,True
T9,3515,34,MISTO,True
T42,883,43,CARGA,True
Terminal U,3154,37,INTERNACIONAL,True
T43,2746,5,MISTO,True
Terminal L,1645,44,MISTO,True
Terminal J,1636,45,INTERNACIONAL,True
Terminal N,932,30,DOMESTICO,True
T12,4152,32,INTERNACIONAL,True
T48,3738,14,CARGA,True
T4,1440,41,DOMESTICO,True
Terminal J,3116,41,CARGA,True
T19,1394,35,MISTO,True
T9,4282,44,INTERNACIONAL,True
T38,2574,21,DOMESTICO,True
T32,2519,19,DOMESTICO,True
T36,1600,11,CARGA,True
T19,3991,28,MISTO,True
T48,4832,5,CARGA,True
T12,1990,18,INTERNACIONAL,True
T39,708,4,MISTO,True
Terminal J,2566,39,INTERNACIONAL,True
Terminal Q,3024,34,CARGA,True
T7,4483,2,DOMESTICO,True
T32,714,5,CARGA,True
T13,961,21,MISTO,True
T38,2011,46,MISTO,True
Terminal M,165,25,CARGA,True
T30,2262,45,DOMESTICO,True
Terminal J,2448,24,CARGA,True
T29,3893,35,MISTO,False
Terminal Z,727,19,DOMESTICO,True
Terminal I,4152,2,DOMESTICO,True
T22,4701,32,DOMESTICO,True
T19,2451,8,MISTO,True
T10,809,39,MISTO,True
T44,1552,33,INTERNACIONAL,True
T34,298,13,CARGA,True
T41,639,5,MISTO,True
T41,4264,6,CARGA,True
T42,2548,10,CARGA,True
Terminal C,1601,40,DOMESTICO,True
T14,144,48,CARGA,True
Terminal A,2789,17,DOMESTICO,True
Terminal A,3094,18,MISTO,True
Terminal G,1019,34,DOMESTICO,True
T4,3928,15,DOMESTICO,False
T23,4039,17,INTERNACIONAL,True
Terminal X,3744,12,INTERNACIONAL,True
T29,1819,41,MISTO,True
Terminal S,1701,43,CARGA,True
T49,2720,5,MISTO,True
T1,2922,22,INTERNACIONAL,True
T8,2999,39,INTERNACIONAL,True
T1,2818,38,CARGA,True
T22,2501,8,INTERNACIONAL,True
T50,2841,29,MISTO,True
T23,486,5,DOMESTICO,True
Terminal U,3756,31,MISTO,True
Terminal L,2575,18,INTERNACIONAL,True
T12,3169,7,DOMESTICO,True
Terminal Z,730,29,MISTO,True
Terminal U,405,46,MISTO,True
T29,1420,4,DOMESTICO,True
T48,4424,44,INTERNACIONAL,True
T8,4266,15,MISTO,True
Terminal Y,4991,36,MISTO,True
T22,2463,37,INTERNACIONAL,True
T36,523,19,CARGA,True
T9,4887,41,CARGA,True
T21,3262,22,DOMESTICO,True
T17,4204,29,INTERNACIONAL,True
T37,3508,28,CARGA,True
Terminal H,3720,15,DOMESTICO,True
Terminal V,642,10,DOMESTICO,True
T38,4226,24,INTERNACIONAL,True
Terminal W,2145,6,MISTO,True
T2,4189,23,MISTO,True
T33,2717,20,INTERNACIONAL,True
Terminal Z,4263,37,INTERNACIONAL,True
T11,3045,15,DOMESTICO,True
T18,1576,46,INTERNACIONAL,True
Terminal W,2783,6,MISTO,True
T11,1604,26,CARGA,True
T30,175,36,INTERNACIONAL,True
T35,2096,8,MISTO,True
T28,2629,8,DOMESTICO,True
Terminal E,630,15,DOMESTICO,True
Terminal R,841,15,MISTO,True
Terminal W,874,8,CARGA,True
Terminal R,1839,14,INTERNACIONAL,True
Terminal M,2125,18,INTERNACIONAL,True
T4,3353,42,INTERNACIONAL,True
Terminal O,1046,20,MISTO,True
Terminal N,3890,23,DOMESTICO,True
T25,1022,33,CARGA,True
Terminal E,4097,7,DOMESTICO,True
Terminal M,4961,15,INTERNACIONAL,True
Terminal X,2446,14,INTERNACIONAL,True
Terminal Y,3222,23,MISTO,True
Terminal F,3396,15,INTERNACIONAL,True
Terminal Y,4610,7,DOMESTICO,True
T31,2796,7,CARGA,True
T45,1641,8,MISTO,True
Terminal R,2774,31,CARGA,True
T23,1325,2,INTERNACIONAL,True
T29,2702,20,DOMESTICO,True
T4,4779,2,CARGA,True
T22,642,2,CARGA,True
T38,3577,38,CARGA,True
T47,4971,15,DOMESTICO,True
T47,1011,20,CARGA,True
Terminal W,965,17,DOMESTICO,True
Terminal E,72,11,MISTO,True
Terminal O,2760,33,MISTO,True
T2,3248,30,INTERNACIONAL,True
Terminal V,1661,32,DOMESTICO,True
T26,4859,28,CARGA,True
T22,4367,36,MISTO,True
T24,729,12,DOMESTICO,True
T20,3319,50,DOMESTICO,True
T34,2074,15,CARGA,True
Terminal Z,2378,7,DOMESTICO,True
T38,3596,6,DOMESTICO,True
Terminal S,451,31,MISTO,True
T46,340,42,MISTO,True
T32,4996,40,INTERNACIONAL,True
T13,4272,15,MISTO,True
Terminal M,1543,18,MISTO,True
Terminal M,1369,12,MISTO,True
T30,4491,4,CARGA,True
T40,41,8,DOMESTICO,True
T48,392,48,DOMESTICO,True
Terminal N,2474,20,DOMESTICO,True
T46,489,24,DOMESTICO,True
T9,1984,32,MISTO,True
T26,4927,16,CARGA,True
Terminal V,1497,28,MISTO,True
T9,2624,46,INTERNACIONAL,True
T11,1461,23,INTERNACIONAL,True
Terminal B,3260,20,INTERNACIONAL,True
Terminal K,4399,31,MISTO,True
Terminal R,2265,25,INTERNACIONAL,True
T42,3279,43,MISTO,True
T32,1522,29,INTERNACIONAL,False
T45,802,43,DOMESTICO,True
T24,2513,26,DOMESTICO,True
T43,1308,4,CARGA,False
T34,66,39,DOMESTICO,True
T20,2023,8,MISTO,True
T35,613,23,INTERNACIONAL,True
Terminal H,3604,10,MISTO,True
T38,1960,40,CARGA,False
Terminal G,3189,21,INTERNACIONAL,True
T19,3921,37,CARGA,True
Terminal Z,3013,31,DOMESTICO,True
Terminal O,291,22,INTERNACIONAL,True
Terminal A,204,14,INTERNACIONAL,True
T48,3136,28,MISTO,True
Terminal I,2060,14,INTERNACIONAL,True
T20,823,7,CARGA,True
T12,4999,36,MISTO,True
T30,3378,14,DOMESTICO,True
Terminal C,1739,39,DOMESTICO,True
T47,2550,9,INTERNACIONAL,True
T18,3121,14,CARGA,True
T1,721,27,MISTO,True
T17,1604,7,MISTO,True
T40,1506,50,INTERNACIONAL,True
T2,2664,21,MISTO,True
T32,4880,50,INTERNACIONAL,True
T27,4884,24,CARGA,True
T5,4504,43,INTERNACIONAL,True
T38,978,2,CARGA,True
T11,3549,7,INTERNACIONAL,True
T16,626,19,DOMESTICO,True
T33,2141,34,INTERNACIONAL,False
T17,3708,2,DOMESTICO,True
T38,1162,42,DOMESTICO,True
T48,2207,9,MISTO,True
T19,136,10,CARGA,True
Terminal Z,3252,28,MISTO,True
Terminal J,1252,13,CARGA,True
T15,2143,20,INTERNACIONAL,True
T40,3426,43,CARGA,True
T36,3552,44,MISTO,True
T24,1524,40,CARGA,True
Terminal L,40,46,INTERNACIONAL,True
T37,1087,41,INTERNACIONAL,True
Terminal A,3705,12,CARGA,True
Terminal P,3965,40,CARGA,True
T11,4940,41,DOMESTICO,True
Terminal P,2883,21,CARGA,True
T28,1010,49,DOMESTICO,True
T11,4463,39,MISTO,True
T25,1231,3,CARGA,True
Terminal U,1507,34,CARGA,True
Terminal J,3310,21,DOMESTICO,True
T23,4634,26,DOMESTICO,True
Terminal V,3020,41,INTERNACIONAL,True
T32,2764,35,DOMESTICO,True
T17,4135,4,CARGA,True
Terminal H,1567,47,INTERNACIONAL,True
Terminal J,3954,7,INTERNACIONAL,False
T2,3841,3,INTERNACIONAL,True
T21,4327,42,MISTO,True
Terminal R,798,39,INTERNACIONAL,True
T34,289,11,INTERNACIONAL,True
T6,1677,25,INTERNACIONAL,True
T44,4722,41,MISTO,True
T5,983,42,CARGA,True
T6,3847,36,CARGA,True
T45,3597,31,CARGA,True
Terminal U,4371,17,CARGA,False
T12,4517,13,INTERNACIONAL,True
T27,3140,23,DOMESTICO,True
T40,2132,26,MISTO,True
Terminal D,1622,27,INTERNACIONAL,True
T42,3131,6,MISTO,True
T13,4564,38,DOMESTICO,True
Terminal S,3597,5,INTERNACIONAL,True
Terminal K,4211,6,INTERNACIONAL,False
T41,39,19,INTERNACIONAL,True
T49,1790,9,MISTO,True
T45,4745,9,DOMESTICO,True
T50,3589,28,INTERNACIONAL,True
T18,174,2,CARGA,True
T48,2291,23,DOMESTICO,True
T5,2318,12,CARGA,True
Terminal V,4839,38,DOMESTICO,True
T10,4261,43,MISTO,True
T27,914,7,CARGA,True
Terminal W,3347,19,DOMESTICO,True
T17,4311,9,CARGA,True
T39,1971,8,INTERNACIONAL,True
T36,2623,47,MISTO,True
T35,1990,28,INTERNACIONAL,True
T9,2742,9,MISTO,True
T1,4376,35,MISTO,True
T4,3536,22,CARGA,True
T27,972,20,MISTO,True
T39,3364,19,CARGA,True
Terminal V,1558,45,DOMESTICO,True
Terminal H,824,13,DOMESTICO,True
T18,4272,45,DOMESTICO,True
T22,4514,35,DOMESTICO,True
Terminal M,436,20,CARGA,False
T22,1568,17,MISTO,True
T25,4851,34,INTERNACIONAL,True
Terminal M,121,19,DOMESTICO,True
T6,1152,23,CARGA,True
T26,669,33,CARGA,True
T32,1171,8,CARGA,True
T34,1476,35,MISTO,True
T33,4200,7,DOMESTICO,True
T43,1629,16,MISTO,True
Terminal F,3635,24,DOMESTICO,False
T35,2094,16,DOMESTICO,True
Terminal D,4545,13,INTERNACIONAL,True
Terminal O,1766,47,DOMESTICO,True
Terminal W,4188,21,DOMESTICO,True
T4,2465,3,MISTO,True
T23,2533,38,CARGA,True
T12,4823,11,MISTO,True
T13,1811,39,DOMESTICO,True
T50,750,30,CARGA,True
T3,4990,17,MISTO,True
T8,502,8,MISTO,True
Terminal Z,710,42,DOMESTICO,True
T24,3632,26,DOMESTICO,True
Terminal N,3172,26,CARGA,True
T27,2193,21,INTERNACIONAL,True
T41,254,33,INTERNACIONAL,True
Terminal J,4287,34,DOMESTICO,True
T25,4703,40,INTERNACIONAL,True
T7,2301,18,DOMESTICO,True
Terminal S,3604,21,CARGA,True
Terminal K,1402,16,CARGA,True
Terminal T,3308,3,DOMESTICO,True
T49,2233,45,MISTO,True
Terminal U,3909,14,DOMESTICO,True
Terminal I,235,30,DOMESTICO,True
T29,3198,35,CARGA,True
Terminal R,3588,8,MISTO,True
T2,4719,24,MISTO,True
T14,418,32,DOMESTICO,True
T33,3000,7,INTERNACIONAL,True
T24,2603,24,CARGA,True
Terminal M,2280,45,CARGA,True
T28,3193,31,DOMESTICO,True
Terminal K,919,9,INTERNACIONAL,False
Terminal C,4049,8,DOMESTICO,True
T47,4313,14,MISTO,True
T50,4019,13,CARGA,True
Terminal R,2778,24,CARGA,True
Terminal D,2863,47,INTERNACIONAL,True
T40,4976,43,MISTO,True
T28,4225,6,CARGA,True
Terminal Y,4232,50,DOMESTICO,True
T10,1673,11,INTERNACIONAL,True
T44,4064,25,INTERNACIONAL,True
Terminal A,1015,6,INTERNACIONAL,True
T44,4776,38,INTERNACIONAL,False
T10,113,2,DOMESTICO,True
T19,3444,37,MISTO,True
Terminal C,4647,8,MISTO,False
T30,2779,23,DOMESTICO,True
T32,2884,37,CARGA,False
Terminal F,4898,41,MISTO,True
T34,1172,49,DOMESTICO,True
T25,1581,40,DOMESTICO,True
Terminal O,4714,35,INTERNACIONAL,True
T9,3441,35,INTERNACIONAL,True
T50,3347,28,DOMESTICO,True
T24,1589,30,CARGA,True
T33,3731,22,INTERNACIONAL,True
T13,4674,45,INTERNACIONAL,True
T20,814,19,CARGA,True
Terminal L,4459,44,MISTO,True
T8,1133,22,INTERNACIONAL,True
Terminal E,3870,25,DOMESTICO,True
T18,3871,23,DOMESTICO,True
T8,1336,20,DOMESTICO,True
T43,4397,44,CARGA,True
T22,4848,3,DOMESTICO,True
Terminal O,4703,38,INTERNACIONAL,True
T31,510,19,DOMESTICO,True
Terminal C,1379,8,INTERNACIONAL,True
T14,4407,15,INTERNACIONAL,True
T14,616,3,MISTO,True
T35,2556,36,CARGA,True
T20,1606,30,INTERNACIONAL,True
T36,1332,16,INTERNACIONAL,False
Terminal B,4674,17,MISTO,True
T14,2431,27,MISTO,True
Terminal W,2040,6,DOMESTICO,True
T16,4865,20,CARGA,True
T37,834,31,INTERNACIONAL,True
T47,3869,2,DOMESTICO,True
T39,4679,19,CARGA,True
T34,559,3,MISTO,True
T2,325,47,MISTO,True
T15,1336,32,CARGA,True
Terminal E,465,11,DOMESTICO,True
T18,4837,25,DOMESTICO,False
T7,449,21,MISTO,True
T23,3494,45,INTERNACIONAL,False
T32,3067,12,CARGA,True
Terminal X,1268,3,INTERNACIONAL,True
T44,2616,38,INTERNACIONAL,True
T2,4599,38,DOMESTICO,True
Terminal D,3765,9,INTERNACIONAL,True
Terminal D,3215,44,CARGA,True
Terminal T,1774,48,MISTO,True
Terminal Y,4980,11,INTERNACIONAL,True
T21,3946,28,CARGA,True
T23,2220,26,MISTO,True
T10,1526,9,MISTO,True
T28,1280,43,DOMESTICO,True
T20,3616,32,MISTO,True
T42,2823,23,CARGA,True
T13,3232,25,DOMESTICO,True
Terminal W,4766,19,INTERNACIONAL,True
T8,1984,26,INTERNACIONAL,True
T21,4584,7,CARGA,True
T41,1504,33,INTERNACIONAL,True
T45,709,31,CARGA,True
T8,1971,42,DOMESTICO,True
T36,4586,44,CARGA,True
T27,3645,14,CARGA,True
Terminal C,634,14,DOMESTICO,True
Terminal W,3595,33,CARGA,True
Terminal H,3426,28,CARGA,True
Terminal W,2317,2,MISTO,True
T16,250,32,MISTO,True
Terminal I,1182,27,INTERNACIONAL,True
T17,3334,7,CARGA,True
T19,929,16,DOMESTICO,True
Terminal J,2401,45,INTERNACIONAL,True
T39,1027,43,CARGA,True
T30,4356,44,CARGA,True
T7,886,29,CARGA,True
T38,840,2,MISTO,True
T34,3398,4,DOMESTICO,True
T22,2743,46,INTERNACIONAL,True
Terminal J,2526,49,INTERNACIONAL,True
T22,3161,23,INTERNACIONAL,True
T21,4925,47,CARGA,True
T15,1603,9,CARGA,True
Terminal A,1144,13,INTERNACIONAL,True
Terminal P,3794,7,INTERNACIONAL,True
Terminal G,4100,5,INTERNACIONAL,True
T41,2278,5,DOMESTICO,True
T7,4372,30,MISTO,True
T21,2727,30,CARGA,True
Terminal T,1775,37,INTERNACIONAL,True
Terminal I,4968,14,INTERNACIONAL,True
T45,544,42,INTERNACIONAL,True
T8,4753,41,INTERNACIONAL,True
Terminal B,4203,35,MISTO,True
T38,4227,15,INTERNACIONAL,True
T15,3713,34,MISTO,True
Terminal S,3498,32,DOMESTICO,True
T34,1553,5,INTERNACIONAL,True
T25,2449,41,MISTO,True
Terminal D,4439,40,DOMESTICO,True
T48,231,21,CARGA,True
T28,448,11,CARGA,True
T39,2717,36,CARGA,True
T9,2193,50,MISTO,True
Terminal K,1987,11,MISTO,True
T49,352,13,CARGA,True
T47,2013,4,DOMESTICO,True
Terminal R,1174,4,INTERNACIONAL,True
T18,607,43,DOMESTICO,True
T20,4160,7,INTERNACIONAL,True
Terminal E,2285,22,MISTO,True
T17,3177,12,INTERNACIONAL,True
T43,11,30,CARGA,True
Terminal G,634,50,DOMESTICO,True
T30,1298,3,CARGA,True
T40,3804,49,MISTO,True
T34,3492,18,MISTO,True
Terminal J,1796,5,INTERNACIONAL,True
T44,1901,44,MISTO,True
T32,1989,47,CARGA,True
T5,3942,5,MISTO,True
Terminal W,4408,6,CARGA,True
T18,2275,40,CARGA,True
T9,1136,15,DOMESTICO,True
Terminal T,655,24,MISTO,True
T41,4111,14,INTERNACIONAL,True
T36,172,36,DOMESTICO,True
T17,1046,31,DOMESTICO,True
Terminal H,3691,31,CARGA,True
T13,1528,18,MISTO,True
T16,3842,43,CARGA,True
Terminal O,1889,25,CARGA,True
T1,3986,9,DOMESTICO,True
T24,1289,20,MISTO,True
T4,3517,38,MISTO,True
T11,4329,25,INTERNACIONAL,True
T48,103,2,INTERNACIONAL,True
T19,4545,34,CARGA,True
Terminal X,1560,46,CARGA,True
T37,1535,42,DOMESTICO,True
T14,3186,13,DOMESTICO,True
T5,1418,37,CARGA,True
T45,4230,3,CARGA,True
T14,3393,38,CARGA,False
T49,2564,47,DOMESTICO,True
T47,959,27,MISTO,True
T19,1964,28,INTERNACIONAL,True
Terminal D,2731,13,DOMESTICO,True
T40,990,32,DOMESTICO,True
Terminal F,34,36,INTERNACIONAL,True
T20,452,17,INTERNACIONAL,True
T44,349,39,INTERNACIONAL,True
T24,2944,5,DOMESTICO,True
Terminal J,3138,30,DOMESTICO,True
Terminal L,128,20,CARGA,True
T8,1486,31,MISTO,True
Terminal P,817,33,INTERNACIONAL,True
T28,3213,22,DOMESTICO,True
T42,4219,42,MISTO,True
Terminal E,3520,13,CARGA,True
Terminal P,1613,29,DOMESTICO,True
Terminal G,2854,11,MISTO,True
Terminal B,2788,27,INTERNACIONAL,True
Terminal H,3794,46,MISTO,True
Terminal L,2256,44,CARGA,True
T15,2107,29,MISTO,True
T23,3406,31,CARGA,True
T27,2084,41,DOMESTICO,True
T14,4138,2,DOMESTICO,False
Terminal O,111,15,CARGA,True
T40,3665,19,CARGA,True
T35,142,17,INTERNACIONAL,True
Terminal S,1479,22,INTERNACIONAL,True
Terminal V,3503,43,INTERNACIONAL,True
T5,1713,19,MISTO,False
T10,2805,9,CARGA,True
T34,3024,36,CARGA,True
Terminal K,3581,4,DOMESTICO,False
Terminal L,2880,9,CARGA,True
T38,2197,40,INTERNACIONAL,True
T13,1689,34,DOMESTICO,True
T25,1052,39,CARGA,True
Terminal L,1846,22,MISTO,True
Terminal G,4307,43,DOMESTICO,True
T38,3036,23,CARGA,True
Terminal O,1737,34,INTERNACIONAL,True
Terminal R,4519,14,CARGA,True
T10,4404,19,MISTO,True
Terminal C,2619,8,INTERNACIONAL,True
T6,718,34,MISTO,True
Terminal N,2444,37,MISTO,True
Terminal U,1850,27,MISTO,True
Terminal F,3716,6,CARGA,True
T6,3677,16,CARGA,True
Terminal G,548,29,MISTO,True
T19,363,20,CARGA,True
T48,3875,16,DOMESTICO,True
Terminal T,4375,26,INTERNACIONAL,True
T34,3937,22,CARGA,True
Terminal A,4898,29,DOMESTICO,True
T30,4141,41,CARGA,False
T24,2945,27,DOMESTICO,True
Terminal X,4556,37,INTERNACIONAL,True
T36,143,22,CARGA,True
T46,2958,17,DOMESTICO,True
T3,2636,14,CARGA,True
T49,2146,10,CARGA,True
T41,774,45,CARGA,True
T15,3891,43,CARGA,True
T7,1786,22,MISTO,True
T10,3130,44,INTERNACIONAL,True
T47,3409,50,INTERNACIONAL,True
T42,2811,17,DOMESTICO,False
T43,2865,5,CARGA,True
T7,2013,49,MISTO,True
T39,322,35,MISTO,True
T46,2378,36,INTERNACIONAL,True
Terminal X,4981,30,INTERNACIONAL,True
T39,3625,15,MISTO,False
Terminal Y,4776,10,DOMESTICO,True
Terminal L,3882,33,CARGA,True
Terminal A,977,16,MISTO,False
T37,437,16,CARGA,True
T15,2547,31,MISTO,True
T39,544,19,DOMESTICO,False
Terminal D,510,50,DOMESTICO,True
T4,740,17,DOMESTICO,True
Terminal P,1381,19,DOMESTICO,True
Terminal K,66,7,INTERNACIONAL,True
Terminal U,4676,8,MISTO,True
Terminal J,4576,39,INTERNACIONAL,True
Terminal S,4031,19,MISTO,True
T28,3673,20,MISTO,True
T14,4242,29,DOMESTICO,True
Terminal Z,4468,15,CARGA,True
T14,3631,33,DOMESTICO,True
Terminal N,4838,20,CARGA,True
Terminal X,973,46,DOMESTICO,True
T3,1837,35,INTERNACIONAL,True
T19,3080,29,DOMESTICO,True
T49,4381,26,DOMESTICO,True
T27,3303,45,DOMESTICO,True
T47,4703,12,CARGA,True
T39,220,42,CARGA,True
T20,3087,31,MISTO,True
T22,3476,40,CARGA,True
T34,2620,33,CARGA,True
Terminal C,4154,4,CARGA,True
T42,3371,10,INTERNACIONAL,True
T35,2034,17,INTERNACIONAL,True
T34,2286,20,DOMESTICO,True
T30,1440,33,CARGA,True
Terminal G,3677,30,INTERNACIONAL,True
T22,4462,18,CARGA,False
Terminal T,2945,7,CARGA,True
Terminal R,1722,6,INTERNACIONAL,True
T40,2722,30,INTERNACIONAL,True
T42,4161,2,INTERNACIONAL,True
T50,1282,44,MISTO,True
T25,4096,41,INTERNACIONAL,True
T43,4282,15,CARGA,True
T31,262,40,DOMESTICO,True
Terminal B,4926,28,INTERNACIONAL,True
T19,681,49,MISTO,True
T12,2512,41,DOMESTICO,True
T14,4031,31,DOMESTICO,True
T44,2337,49,CARGA,True
T31,916,50,INTERNACIONAL,True
T15,4329,39,CARGA,True
T29,1656,25,DOMESTICO,True
Terminal N,2054,28,INTERNACIONAL,True
T33,3210,13,MISTO,False
T23,4972,12,CARGA,True
Terminal S,2021,8,MISTO,True
T29,3262,30,DOMESTICO,True
T40,628,31,DOMESTICO,True
T9,60,23,INTERNACIONAL,True
T35,370,7,DOMESTICO,True
T6,646,8,CARGA,False
Terminal Y,287,21,CARGA,True
T35,737,17,MISTO,True
T7,3953,7,MISTO,True
T21,2830,21,MISTO,True
T18,1692,25,DOMESTICO,True
Terminal L,2472,24,CARGA,True
Terminal Z,193,26,INTERNACIONAL,True
T14,3376,34,CARGA,True
T32,447,20,MISTO,True
T15,1470,43,DOMESTICO,True
Terminal L,4643,28,MISTO,True
T34,2128,3,CARGA,True
T36,3499,33,DOMESTICO,True
T8,1704,6,MISTO,True
T10,1227,19,CARGA,True
Terminal I,4784,45,MISTO,True
T48,201,3,MISTO,True
Terminal J,2877,35,MISTO,False
T1,3102,40,INTERNACIONAL,True
T26,2110,25,DOMESTICO,True
Terminal S,1675,31,DOMESTICO,False
T49,2452,8,INTERNACIONAL,True
T5,2296,35,MISTO,True
T46,212,8,INTERNACIONAL,True
Terminal G,2969,40,DOMESTICO,True
T5,1731,38,INTERNACIONAL,True
Terminal Q,3204,22,INTERNACIONAL,True
T29,4526,25,CARGA,True
Terminal O,981,46,INTERNACIONAL,True
Terminal N,4702,10,INTERNACIONAL,False
T29,218,13,INTERNACIONAL,True
T40,924,15,INTERNACIONAL,True
T28,950,33,DOMESTICO,True
Terminal P,3277,45,CARGA,False
Terminal M,700,32,INTERNACIONAL,True
T5,1224,16,MISTO,True
T1,2040,25,INTERNACIONAL,True
T6,3059,24,CARGA,True
T33,4452,48,INTERNACIONAL,True
Terminal C,2901,19,DOMESTICO,True
T9,849,30,CARGA,True
T45,3516,12,INTERNACIONAL,True
T12,1054,20,CARGA,True
T26,793,14,CARGA,True
Terminal A,4000,15,CARGA,True
T31,2334,16,INTERNACIONAL,True
T2,1331,10,INTERNACIONAL,True
Terminal Z,3546,30,INTERNACIONAL,True
Terminal U,644,23,MISTO,True
Terminal R,2805,35,CARGA,True
T10,4436,32,MISTO,True
T8,2274,31,MISTO,True
T29,3628,21,INTERNACIONAL,True
Terminal A,639,24,CARGA,True
T24,276,46,MISTO,True
T2,2866,13,INTERNACIONAL,True
T13,2197,19,INTERNACIONAL,True
Terminal P,3066,38,MISTO,True
T45,43,43,CARGA,True
T38,2162,10,DOMESTICO,True
Terminal D,3691,29,CARGA,True
Terminal N,5,47,CARGA,True
Terminal D,1534,21,INTERNACIONAL,True
T31,3675,9,MISTO,True
T45,2337,32,INTERNACIONAL,True
T49,2051,10,CARGA,True
T41,1409,50,INTERNACIONAL,False
T45,3482,10,DOMESTICO,True
Terminal G,4585,34,INTERNACIONAL,False
T39,3883,2,INTERNACIONAL,True
